"name","link","x","y","commune","département","diocèse"

"Abondance","https://fr.wikipedia.org/wiki/Abbaye_d%27Abondance","46.28111","6.72028","Abondance","Haute-Savoie","Genève"
"Acey","https://fr.wikipedia.org/wiki/Abbaye_Notre-Dame_d%27Acey","47.26167","5.656929","Vitreux[2]","Jura","Saint-Claude"
"Aiguebelle","https://fr.wikipedia.org/wiki/Abbaye_Notre-Dame_d%27Aiguebelle","44.462211","4.842465","Montjoyer[3]","Drôme","Saint-Paul-Trois-ChâteauxValence"
"Almanarreou Lamanarre","https://fr.wikipedia.org/wiki/Abbaye_Saint-Pierre_de_l%27Almanarre","43.08142","6.12292","Hyères","Var","Toulon"
"Altbronn","https://fr.wikipedia.org/wiki/Abbaye_Notre-Dame_d%27Altbronn","48.570066","7.528778","Ergersheim[4]","Bas-Rhin","Strasbourg"
"Amour-Dieu","https://fr.wikipedia.org/wiki/Abbaye_de_l%27Amour-Dieu","49.078796","3.69413","Troissy","Marne","Châlons-en-Champagne"
"Ardorel(ou Arborel)","https://fr.wikipedia.org/wiki/Abbaye_Notre-Dame_d%27Ardorel","43.546044","2.346341","Payrin-Augmontel[5]","Tarn","Castres"
"Argensolles","https://fr.wikipedia.org/wiki/Abbaye_d%27Argensolles","48.96778","3.92583","Moslins","Marne","Soissons"
"Arques","https://fr.wikipedia.org/w/index.php?title=Abbaye_Notre-Dame_et_Saint-Joseph_d%27Arques&action=edit&redlink=1","49.88259","1.126897","Arques-la-Bataille","Seine-Maritime","Rouen"
"Aubazine","https://fr.wikipedia.org/wiki/Abbaye_d%27Aubazine","45.174167","1.669444","Aubazines","Corrèze","Tulle"
"Aubepierre","https://fr.wikipedia.org/wiki/Abbaye_d%27Aubepierre","46.393077","1.765993","Méasnes","Creuse","Limoges"
"Auberive","https://fr.wikipedia.org/wiki/Abbaye_d%27Auberive","47.7886","5.06083","Auberive","Haute-Marne","Langres"
"Aubeterre","https://fr.wikipedia.org/w/index.php?title=Abbaye_d%27Aubeterre&action=edit&redlink=1","45.26982","0.170394","Aubeterre-sur-Dronne","Charente","Périgueux"
"Aubignac","https://fr.wikipedia.org/wiki/Abbaye_Notre-Dame_d%27Aubignac","46.397606","1.504954","Saint-Sébastien[7]","Creuse","Bourges"
"Aulps","https://fr.wikipedia.org/wiki/Abbaye_d%27Aulps","46.24194","6.65","Saint-Jean-d'Aulps[8]","Haute-Savoie","GenèveAnnecy"
"Aumônedite« Le Petit-Cîteaux »","https://fr.wikipedia.org/wiki/Abbaye_de_l%27Aum%C3%B4ne","47.873882","1.378483","La Colombe[9]","Loir-et-Cher","ChartresBlois"
"Aunayou d’Aunay-sur-Odonou d’Aulnay","https://fr.wikipedia.org/wiki/Abbaye_Notre-Dame_d%27Aunay","49.021111","-0.630833","Aunay-sur-Odon","Calvados","Bayeux"
"Ayes","https://fr.wikipedia.org/wiki/Abbaye_des_Ayes","45.274437","5.879177","Crolles[10]","Isère","Grenoble"
"Balerne","https://fr.wikipedia.org/wiki/Abbaye_de_Balerne","46.748056","5.907778","Mont-sur-Monnet","Jura","BesançonSaint-Claude"
"Barbeau","https://fr.wikipedia.org/wiki/Abbaye_de_Barbeau","48.486","2.7639","Fontaine-le-Port","Seine-et-Marne","Sens"
"Barbery","https://fr.wikipedia.org/wiki/Abbaye_Notre-Dame_de_Barbery","49.02611","-0.34694","BarberyBretteville-sur-Laize","Calvados","Bayeux"
"Barzelleou Barzelles","https://fr.wikipedia.org/wiki/Abbaye_Notre-Dame_de_Barzelle","47.177568","1.602421","Poulaines","Indre","Bourges"
"Baumgarten","https://fr.wikipedia.org/wiki/Abbaye_de_Baumgarten","48.3642","7.40333","Bernardvillé","Bas-Rhin","Strasbourg"
"Bayonneou Saint-Bernard-de Lasteyron","https://fr.wikipedia.org/wiki/Abbaye_Saint-Bernard_de_Bayonne","43.506389","-1.486406","Bayonne","Pyrénées-Atlantiques","Dax"
"Beaubec","https://fr.wikipedia.org/wiki/Abbaye_Saint-Laurent_de_Beaubec","49.642463","1.494703","Beaubec-la-Rosière","Seine-Maritime","Rouen"
"Beaugeraisou Baugerais","https://fr.wikipedia.org/wiki/Abbaye_de_Beaugerais","47.053641","1.199006","Loché-sur-Indrois","Indre-et-Loire","Tours"
"Beaulieuou Beaulieu-en-Bassigny","https://fr.wikipedia.org/wiki/Abbaye_de_Beaulieu_(Haute-Marne)","47.824912","5.567229","Haute-Amance","Haute-Marne","Langres"
"Beaulieu-en-Rouergueou Belloc","https://fr.wikipedia.org/wiki/Abbaye_de_Beaulieu-en-Rouergue","44.21","1.854167","Ginals[11]","Tarn-et-Garonne","Rodez"
"Beaupréen Picardie","https://fr.wikipedia.org/wiki/Abbaye_de_Beaupr%C3%A9_(Achy)","49.56361111","1.96472222","Achy","Oise","Beauvais"
"Beaupréen Lorraine","https://fr.wikipedia.org/wiki/Abbaye_de_Beaupr%C3%A9_(Moncel)","48.553291","6.532282","Moncel-lès-Lunéville","Meurthe-et-Moselle","ToulNancy"
"Beaupré-sur-la-Lys","https://fr.wikipedia.org/wiki/Abbaye_Notre-Dame_de_Beaupr%C3%A9-sur-la-Lys","50.640079","2.692797","La Gorgue","Nord","Saint-Omer"
"Beauvoir","https://fr.wikipedia.org/wiki/Abbaye_Notre-Dame_de_Beauvoir","47.122315","2.234847","Marmagne","Cher","Bourges"
"Bégard","https://fr.wikipedia.org/wiki/Abbaye_de_B%C3%A9gard","48.6303","-3.3","Bégard","Côtes-d'Armor[12]","Tréguier"
"Bellaigue","https://fr.wikipedia.org/wiki/Abbaye_Notre-Dame_de_Bellaigue","46.1564","2.69806","Virlet","Puy-de-Dôme[13]","Clermont"
"Belleau","https://fr.wikipedia.org/wiki/Abbaye_Notre-Dame_de_Belleau","48.781619","3.447783","Villeneuve-la-Lionne","Marne","Reims"
"Bellebranche","https://fr.wikipedia.org/wiki/Abbaye_de_Bellebranche","47.87944","-0.44028","Saint-Brice","Mayenne","Le Mans"
"Bellecombe","https://fr.wikipedia.org/wiki/Abbaye_Notre-Dame_de_Bellecombe","45.100994169118","4.1585670103365","Yssingeaux","Haute-Loire","Le Puy-en-Velay"
"Bellefontaine","https://fr.wikipedia.org/wiki/Abbaye_Notre-Dame_de_Bellefontaine","47.151874438197","-0.93854880657094","Bégrolles-en-Mauges[14]","Maine-et-Loire","Angers"
"Belleperche","https://fr.wikipedia.org/wiki/Abbaye_de_Belleperche","43.994521547165","1.1256062991637","Cordes-Tolosannes","Tarn-et-Garonne","Montauban"
"Bellevaux","https://fr.wikipedia.org/wiki/Abbaye_Notre-Dame_de_Bellevaux","47.404531929648","6.1203974110093","Cirey","Haute-Saône","Besançon"
"Belmont","https://fr.wikipedia.org/wiki/Abbaye_de_Belmont","47.715443135781","5.5487382237152","Belmont","Haute-Marne","Langres"
"Belval","https://fr.wikipedia.org/wiki/Abbaye_de_Belval_(Troisvaux)","50.417214318641","2.3386966138699","Troisvaux","Pas-de-Calais","Arras"
"Bénisson-Dieu","https://fr.wikipedia.org/wiki/Abbaye_de_la_B%C3%A9nisson-Dieu","46.150991685261","4.0456133256573","La Bénisson-Dieu[15]","Loire","Lyon"
"Bénisson-Dieuou Nisors ou Nizors","https://fr.wikipedia.org/wiki/Abbaye_de_la_B%C3%A9nisson-Dieu_de_Boulogne-sur-Gesse","43.267909","0.654026","Boulogne-sur-Gesse","Haute-Garonne","CommingesToulouse"
"Berdouesou Berdouès","https://fr.wikipedia.org/wiki/Abbaye_de_Berdoues","43.480764","0.408822","Berdoues","Gers","Auch"
"Betton","https://fr.wikipedia.org/wiki/Abbaye_du_Betton","45.540022","6.197766","Betton-Bettonet[16]","Savoie","MaurienneChambéry"
"Biachesou Notre-Damede la Brelle","https://fr.wikipedia.org/wiki/Abbaye_Notre-Dame_de_Biaches","49.9162","2.911987","Biaches","Somme","Noyon"
"Billonou Buillon","https://fr.wikipedia.org/wiki/Abbaye_Notre-Dame_de_Billon","47.695404186835","6.3675700605907","Chenecey-Buillon","Doubs","Besançon"
"Bithaine","https://fr.wikipedia.org/wiki/Abbaye_de_Bithaine","47.695404186835","6.3675700605907","Adelans-et-le-Val-de-Bithaine","Haute-Saône","Besançon"
"Bival","https://fr.wikipedia.org/wiki/Abbaye_de_Bival","49.703376","1.542639","Nesle-Hodeng","Seine-Maritime","Rouen"
"‍ La Blancheou L'Isle-Dieuou Île du Pilier","https://fr.wikipedia.org/wiki/Abbaye_Notre-Dame_de_la_Blanche","47.026548351798","-2.2705206217272","Noirmoutier-en-l'Île","Vendée","Luçon"
"Blancheou des Blanches","https://fr.wikipedia.org/wiki/Abbaye_Blanche","48.65806","-0.945","Mortain","Manche","Avranches"
"Blauvac","https://fr.wikipedia.org/wiki/Abbaye_Notre-Dame_de_Bon_Secours_de_Blauvac","44.021929763532","5.1997415158667","Blauvac","Vaucluse[17]","Avignon"
"Blendecques","https://fr.wikipedia.org/wiki/Abbaye_Sainte-Colombe_de_Blendecques","50.717741","2.283412","Blendecques","Pas-de-Calais","ThérouanneSaint-Omer"
"Bœuilou Beuil","https://fr.wikipedia.org/wiki/Abbaye_Notre-Dame_de_B%C5%93uil","45.902439","1.060456","Veyrac","Haute-Vienne","Limoges"
"Bohéries","https://fr.wikipedia.org/wiki/Abbaye_de_Boh%C3%A9ries","49.918407822338","3.5737715620237","Vadencourt","Aisne","Laon"
"‍ aux Boisou L’hermitage ouNotre-Dame aux Bois","https://fr.wikipedia.org/wiki/Abbaye-aux-Bois","49.679543","2.923521","OgnollesParis 7e","OiseParis","NoyonParis"
"‍ des Boisou Saint-Aubin","https://fr.wikipedia.org/wiki/Abbaye_Saint-Aubin_des_Bois","48.491279928569","-2.3963994485204","Plédéliac","Côtes-d'Armor","Saint-Brieuc"
"Bois-Grolland","https://fr.wikipedia.org/wiki/Abbaye_Notre-Dame_de_Bois-Grolland","46.524762923012","-1.5478661624274","Poiroux","Vendée","Luçon"
"‍ La Boissière","https://fr.wikipedia.org/wiki/Abbaye_de_la_Boissi%C3%A8re","47.5522949948","0.12947660088471","Dénezé-sous-le-Lude","Maine-et-Loire","Angers"
"Bon-Repos","https://fr.wikipedia.org/wiki/Abbaye_Notre-Dame_de_Bon-Repos","48.211383","-3.12678","Saint-Gelven[18]","Côtes-d'Armor","Quimper"
"Bondeville","https://fr.wikipedia.org/wiki/Abbaye_de_Bondeville","49.494431","1.041715","Notre-Dame-de-Bondeville","Seine-Maritime","Rouen"
"Bonlieude Carbon-Blanc","https://fr.wikipedia.org/wiki/Abbaye_Notre-Dame_de_Bonlieu_de_Carbon-Blanc","44.893929767926","-0.4967132916683","Carbon-Blanc","Gironde","Bordeaux"
"Bonlieuen Limousin","https://fr.wikipedia.org/wiki/Abbaye_de_Bonlieu_(Limousin)","46.087610152228","2.3055420092674","Peyrat-la-Nonière","Creuse","Limoges"
"BonlieuHaute-Savoie","https://fr.wikipedia.org/wiki/Abbaye_de_Bonlieu_(Haute-Savoie)","46.011617","5.990734","Sallenôves","Haute-Savoie","Genève"
"BonlieuSarthe","https://fr.wikipedia.org/wiki/Abbaye_de_Bonlieu_(Sarthe)","47.6652","0.4733","Dissay-sous-Courcillon","Sarthe","Le Mans"
"BonlieuDrôme","https://fr.wikipedia.org/wiki/Abbaye_Sainte-Anne_de_Bonlieu-sur-Roubion","44.594085637135","4.8804506217945","Bonlieu-sur-Roubion","Drôme","Valence"
"BonlieuLoire","https://fr.wikipedia.org/wiki/Abbaye_de_Bonlieu_(Loire)","45.733333000535","4.0499999999656","Sainte-Agathe-la-Bouteresse","Loire","Lyon"
"Bonnaigue","https://fr.wikipedia.org/wiki/Abbaye_de_Bonnaigue","45.57459570036","2.3662022989661","Saint-Fréjoux","Corrèze","Limoges"
"Bonnecombe","https://fr.wikipedia.org/wiki/Abbaye_Notre-Dame_de_Bonnecombe","44.243592","2.554333","Comps-la-Grand-Ville","Aveyron","Rodez"
"BonnecombeNotre-Dame ou Saint-Paul","https://fr.wikipedia.org/wiki/Abbaye_de_Bonnecombe_(Izeaux)","45.313557","5.444381","Saint-Paul-d'IzeauxBeaurepaire","Isère","Grenoble"
"Bonnefont","https://fr.wikipedia.org/wiki/Abbaye_de_Bonnefont","43.14134728161","0.87423110316335","Proupiary","Haute-Garonne","CommingesToulouse"
"Bonnefontaine","https://fr.wikipedia.org/wiki/Abbaye_de_Bonnefontaine","49.785231353227","4.2403950929306","Blanchefosse-et-Bay","Ardennes","Reims"
"Bonneval","https://fr.wikipedia.org/wiki/Abbaye_Notre-Dame_de_Bonneval","44.562720621417","2.7936965814506","Le Cayrol","Aveyron","Rodez"
"BonnevauxPoitou","https://fr.wikipedia.org/wiki/Abbaye_de_Bonnevaux_(Poitou)","46.484530829698","0.23093150315836","Marçay","Vienne","Poitiers"
"BonnevauxDauphiné","https://fr.wikipedia.org/wiki/Abbaye_de_Bonnevaux","45.456423989427","5.1551661743756","Villeneuve-de-Marc","Isère","Vienne"
"Bonport","https://fr.wikipedia.org/wiki/Abbaye_Notre-Dame_de_Bonport","49.306088937641","1.1344999502793","Pont-de-l'Arche","Eure[19]","Évreux"
"Bons","https://fr.wikipedia.org/w/index.php?title=Abbaye_de_Bons&action=edit&redlink=1","","","Chazey-Bons","Ain","Belley"
"Boquen","https://fr.wikipedia.org/wiki/Abbaye_Notre-Dame_de_Boquen","48.3344","-2.45917","Plénée-Jugon","Côtes-d'Armor","Saint-Brieuc"
"Boschaud","https://fr.wikipedia.org/wiki/Abbaye_de_Boschaud","45.422583421418","0.73218865664595","Villars","Dordogne","Périgueux"
"Bouchet","https://fr.wikipedia.org/wiki/Abbaye_de_Bouchet","44.297815","4.873463","Bouchet","Drôme","Saint-Paul-Trois-Châteaux"
"Bouillas","https://fr.wikipedia.org/wiki/Abbaye_de_Bouillas","43.8828","0.579722","Pauilhac","Gers","Auch"
"Boulancourt","https://fr.wikipedia.org/wiki/Abbaye_de_Boulancourt","48.455884941755","4.6464094455598","Longeville-sur-la-Laines","Haute-Marne","Troyes"
"Boulaur","https://fr.wikipedia.org/wiki/Abbaye_de_Boulaur","43.541050184686","0.77536284028579","Boulaur","Gers[20]","Auch"
"Boulbonne","https://fr.wikipedia.org/wiki/Abbaye_de_Boulbonne","43.224868762257","1.6855170478577","MazèresCintegabelle","Ariège","Mirepoix"
"Bourrasou Bouras","https://fr.wikipedia.org/wiki/Abbaye_de_Bourras","47.29573480492","3.2973884031908","Saint-Malo-en-Donziois","Nièvre","Auxerre"
"Bournet","https://fr.wikipedia.org/wiki/Abbaye_Notre-Dame-de-l%27Assomption_du_Bournet","45.412589","0.07523","Courgeac","Charente","Angoulême"
"‍ La Bourdillière","https://fr.wikipedia.org/wiki/Abbaye_de_la_Bourdilli%C3%A8re","47.186278","1.086608","Genillé","Indre-et-Loire","Tours"
"‍ La Brayelleou Braille-en-Artois","https://fr.wikipedia.org/wiki/Abbaye_de_la_Brayelle","50.458689","2.863356","Annay","Pas-de-Calais","Arras"
"Breuil-Benoît","https://fr.wikipedia.org/wiki/Abbaye_du_Breuil-Beno%C3%AEt","48.808889","1.354722","Marcilly-sur-Eure","Eure","Évreux"
"Bricquebec","https://fr.wikipedia.org/wiki/Abbaye_Notre-Dame-de-Gr%C3%A2ce_de_Bricquebec","49.469471405855","-1.6177939863058","Bricquebec","Manche[21]","Coutances"
"Bussière","https://fr.wikipedia.org/wiki/Abbaye_de_la_Bussi%C3%A8re","47.216251055574","4.7204671956332","La Bussière-sur-Ouche","Côte-d'Or","Autun"
"Bussièresles-Nonains","https://fr.wikipedia.org/wiki/Abbaye_de_Bussi%C3%A8res-les-Nonains","46.523094","2.51316","Saint-Désiré","Allier","Moulins"
"Buzay","https://fr.wikipedia.org/wiki/Abbaye_de_Buzay","47.206826647332","-1.8256833462515","Rouans","Loire-Atlantique","Nantes"
"Cadouin","https://fr.wikipedia.org/wiki/Abbaye_de_Cadouin","44.811450287817","0.87378125847864","Le Buisson-de-Cadouin","Dordogne","Sarlat"
"Calers","https://fr.wikipedia.org/wiki/Abbaye_de_Calers","43.259841537296","1.4744858099672","Gaillac-Toulza","Haute-Garonne","Rieux"
"CampénéacLa Joie Notre-Dame","https://fr.wikipedia.org/wiki/Abbaye_de_la_Joie_Notre-Dame","47.978747996661","-2.3075983588993","Campénéac","Morbihan","Vannes"
"Candeilou La Bessière","https://fr.wikipedia.org/wiki/Abbaye_Notre-Dame_de_Candeil","43.799294945991","1.9805392006957","Labessière-Candeil","Tarn","Albi"
"CarnoëtNotre-DamepuisSaint-Maurice","https://fr.wikipedia.org/wiki/Abbaye_Saint-Maurice_de_Carno%C3%ABt","47.801697672123","-3.5257488427141","Clohars-Carnoët","Finistère","Quimper"
"Carpentras","https://fr.wikipedia.org/w/index.php?title=Abbaye_Sainte_Marie-Madeleine_de_Carpentras&action=edit&redlink=1","","","Carpentras","Vaucluse","Carpentras"
"Castagniers","https://fr.wikipedia.org/wiki/Abbaye_Notre-Dame-de-la-Paix_de_Castagniers","43.801225632274","7.2320520678535","Castagniers","Alpes-Maritimes[22]","Nice"
"CastelasPorquerolles","https://fr.wikipedia.org/wiki/Abbaye_du_Castelas","43.040477","6.480253","Hyères","Var","Toulon"
"Celle-en-Berry ?Selles-sur-Cher","https://fr.wikipedia.org/wiki/Abbatiale_Notre-Dame-la-Blanche_de_Selles-sur-Cher","47.275167","1.554032","Selles-sur-Cher","Cher","Bourges"
"Cercampou Cercamps","https://fr.wikipedia.org/wiki/Abbaye_Notre-Dame_de_Cercamp","50.269542325013","2.3011400579391","Frévent","Pas-de-Calais","Amiens"
"Cercanceaux","https://fr.wikipedia.org/wiki/Abbaye_de_Cercanceaux","48.163199431376","2.751042112761","Souppes-sur-Loing","Seine-et-Marne","Sens"
"Chaalis","https://fr.wikipedia.org/wiki/Abbaye_de_Chaalis","49.147411905159","2.6864045607789","Fontaine-Chaalis","Oise","Senlis"
"Chalivoy","https://fr.wikipedia.org/wiki/Abbaye_de_Chalivoy","47.234405671607","2.9290142213939","Herry","Cher","Bourges"
"Chalochéou Challoché","https://fr.wikipedia.org/wiki/Abbaye_de_Chaloch%C3%A9","47.553454653882","-0.31989781977759","Chaumont-d'AnjouCorzé","Maine-et-Loire","Angers"
"Chambarand","https://fr.wikipedia.org/wiki/Abbaye_de_Chambarand","45.219015265875","5.2531439504172","Roybon","Isère[23]","Grenoble"
"‍ Les Chambons","https://fr.wikipedia.org/wiki/Abbaye_des_Chambons","44.630443127877","4.0529052015234","Borne","Ardèche","Viviers"
"Champagne","https://fr.wikipedia.org/wiki/Abbaye_de_Champagne","48.138723083862","-0.085238171551978","Rouez","Sarthe[24]","Le Mans"
"‍ Les Champsou Saint-Antoine","https://fr.wikipedia.org/wiki/Abbaye_Saint-Antoine-des-Champs","48.849351","2.382713","Paris XIIe","Paris","Paris"
"Charité","https://fr.wikipedia.org/w/index.php?title=Abbaye_Noter-Dame_de_la_Charit%C3%A9&action=edit&redlink=1","47.518124679328","5.9360753554707","Neuvelle-lès-la-Charité","Haute-Saône","Besançon"
"CharitéLès-Lézines","https://fr.wikipedia.org/wiki/Abbaye_de_la_Charit%C3%A9-l%C3%A8s-L%C3%A9zines","47.79650311312","4.0958255211856","Lézinnes","Yonne","Langres"
"Charmoye","https://fr.wikipedia.org/wiki/Abbaye_de_la_Charmoye","48.928947802804","3.8463123281395","Montmort-Lucy","Marne","Châlons-en-Champagne"
"Charonou Charronou Grâce-Notre-Dame","https://fr.wikipedia.org/wiki/Abbaye_de_Charon","46.286544679246","-1.1019199845938","Charron","Charente-Maritime","La Rochelle"
"Chassagne","https://fr.wikipedia.org/wiki/Abbaye_de_Chassagne","45.966869249444","5.1821714689836","Crans","Ain","Lyon"
"‍ Les Châtelliers","https://fr.wikipedia.org/wiki/Abbaye_des_Ch%C3%A2telliers","46.488414914317","-0.1314171298669","FomperronChantecorps","Deux-Sèvres[25]","Poitiers"
"Chatillonou Chastillon","https://fr.wikipedia.org/wiki/Abbaye_de_Chatillon","49.382605907827","5.5837458509179","Pillon","Meuse","Verdun"
"‍ Les Chaumes","https://fr.wikipedia.org/wiki/Abbaye_Saint-L%C3%A9onard_des_Chaumes","46.169926137691","-1.0729923143807","Dompierre-sur-Mer","Charente-Maritime","La Rochelle"
"Cheminon","https://fr.wikipedia.org/wiki/Abbaye_de_Cheminon","48.740047467402","4.9041295304685","Cheminon","Marne","Châlons-en-Champagne"
"Cherlieu","https://fr.wikipedia.org/wiki/Abbaye_de_Cherlieu","47.781451786526","5.8251464810998","Montigny-lès-Cherlieu","Haute-Saône","Besançon"
"Chéhéryou Chéryou Chéery","https://fr.wikipedia.org/wiki/Abbaye_de_Ch%C3%A9h%C3%A9ry","49.289155020451","4.9714522483421","Chatel-Chéhéry","Ardennes","Reims"
"Chézeryou Cheseryou Mont-Sainte-Marie","https://fr.wikipedia.org/wiki/Abbaye_de_Ch%C3%A9zery","46.221667","5.866389","Chézery-Forens","Ain","BelleyGenèveAnnecy"
"Cîteaux","https://fr.wikipedia.org/wiki/Abbaye_de_C%C3%AEteaux","47.127363930519","5.0934771592096","Saint-Nicolas-lès-Cîteaux","Côte-d'Or","ChalonDijon"
"Clairefontaineen Franche-Comté","https://fr.wikipedia.org/wiki/Abbaye_de_Clairefontaine_(Franche-Comt%C3%A9)","47.857231385227","6.0833536462886","Polaincourt-et-Clairefontaine","Haute-Saône","Besançon"
"‍ Les Clairets","https://fr.wikipedia.org/w/index.php?title=Abbaye_Notre-Dame_des_Clairets&action=edit&redlink=1","48.272315","0.785951","Mâle","Orne","Chartres"
"Clairlieu","https://fr.wikipedia.org/wiki/Abbaye_de_Clairlieu","48.659558907189","6.1166189854519","Villers-lès-Nancy","Meurthe-et-Moselle[26]","Nancy"
"ClairmaraisPas-de-Calais","https://fr.wikipedia.org/wiki/Abbaye_de_Clairmarais","50.768785393412","2.3054006935119","Clairmarais","Pas-de-Calais","Saint-Omer"
"Clermontou Clairmont","https://fr.wikipedia.org/wiki/Abbaye_de_Clermont","48.098003663055","-0.93365555153726","Olivet","Mayenne","Le Mans"
"Clairvaux","https://fr.wikipedia.org/wiki/Abbaye_de_Clairvaux","48.146615243852","4.7894978528271","Ville-sous-la-Ferté","Aube","Langres"
"‍ La Clarté-Dieud'Eaunes","https://fr.wikipedia.org/wiki/Abbaye_de_La_Clart%C3%A9-Dieu_(Eaunes)","43.418766589099","1.3536949770147","Eaunes","Haute-Garonne","Toulouse"
"‍ La Clarté-DieuTouraine","https://fr.wikipedia.org/wiki/Abbaye_de_la_Clart%C3%A9-Dieu_(Saint-Paterne)","47.60129623856","0.45651190444562","Saint-Paterne-Racan","Indre-et-Loire[27]","Tours"
"‍ Clavas","https://fr.wikipedia.org/wiki/Abbaye_de_Clavas","5.2219804127281","4.4690470796329","Riotord","Haute-Loire","Le Puy"
"Coatmalouenou Coëtmaloënou Koad Malouen","https://fr.wikipedia.org/wiki/Abbaye_Notre-Dame_de_Coatmalouen","48.376876185935","-3.1274495832294","Saint-Gilles-Pligeaux","Finistère","Quimper"
"‍ La Colombe","https://fr.wikipedia.org/wiki/Abbaye_de_La_Colombe","46.435513","1.217614","Tilly","Indre","Limoges"
"Corcelles","https://fr.wikipedia.org/wiki/Abbaye_de_Corcelles","47.226477","5.810595","Corcelles-Ferrières","Doubs","Besançon"
"‍ La Coudreou Laval","https://fr.wikipedia.org/wiki/Abbaye_Notre-Dame_de_la_Coudre","48.05848660441","-0.7742461190165","Laval","Mayenne[28]","Laval"
"‍ La Cour-Dieu","https://fr.wikipedia.org/wiki/Abbaye_de_la_Cour-Dieu","48.005881579815","2.1974221524964","Ingrannes","Loiret","Orléans"
"‍ La Crêteou la Creste","https://fr.wikipedia.org/wiki/Abbaye_de_la_Cr%C3%AAte","48.207604960152","5.3184638645775","Bourdons-sur-Rognon","Haute-Marne","Langres"
"Cuxa","https://fr.wikipedia.org/wiki/Abbaye_Saint-Michel_de_Cuxa","42.59484","2.417153","Codalet","Pyrénées-Orientales","Perpignan"
"Dalon","https://fr.wikipedia.org/wiki/Abbaye_de_Dalon","45.273363957896","1.2255082178587","Sainte-Trie","Dordogne","Limoges"
"Désert","https://fr.wikipedia.org/wiki/Abbaye_Sainte-Marie_du_D%C3%A9sert","43.693146721939","1.115774662809","Bellegarde-Sainte-Marie","Haute-Garonne[29]","Toulouse"
"Divielle","https://fr.wikipedia.org/wiki/Abbaye_de_Divielle","43.739167","-0.924444","Goos","Landes","Dax"
"Dombes","https://fr.wikipedia.org/wiki/Abbaye_Notre-Dame-des-Dombes","46.0244","5.0878","Le Plantay","Ain","Belley"
"Droiteval","https://fr.wikipedia.org/wiki/Abbaye_de_Droiteval","48.042686204518","6.0389071852008","Claudon","Vosges","ToulSaint-Dié"
"‍ L'Eau","https://fr.wikipedia.org/wiki/Abbaye_Notre-Dame_de_l%27Eau","48.391767","1.478457","Ver-lès-Chartres","Eure-et-Loir","Chartres"
"Écharlis","https://fr.wikipedia.org/wiki/Abbaye_des_%C3%89charlis","47.949032777887","3.1442517539359","Villefranche","Yonne","Sens"
"‍ Échourgnac","https://fr.wikipedia.org/wiki/Abbaye_Notre-Dame_de_Bonne-Esp%C3%A9rance_d%27%C3%89chourgnac","45.128218648112","0.21334136509884","Échourgnac","Dordogne[30]","Périgueux"
"‍ L'Éclache","https://fr.wikipedia.org/wiki/Abbaye_de_l%27%C3%89clache","45.749641978807","2.6919486759866","Prondines","Puy-de-Dôme","Clermont"
"‍ Écureyou Escurey","https://fr.wikipedia.org/wiki/Abbaye_d%27%C3%89curey","48.558249992696","5.2692741673172","Montiers-sur-Saulx","Meuse","Toul"
"‍ Élan","https://fr.wikipedia.org/wiki/Abbaye_d%27%C3%89lan","49.66338452281","4.7562951595771","Élan","Ardennes","Reims"
"‍ Épagne","https://fr.wikipedia.org/wiki/Abbaye_d%27%C3%89pagne","50.070627","1.875094","Épagne-ÉpagnetteAbbeville","Somme","Amiens"
"‍ Épauou de la Piété-Dieu","https://fr.wikipedia.org/wiki/Abbaye_de_l%27%C3%89pau","47.991134563714","0.24209019694138","Le Mans","Sarthe","Le Mans"
"Escaladieu","https://fr.wikipedia.org/wiki/Abbaye_de_l%27Escaladieu","43.110035897907","0.26023868816813","Bonnemazon","Hautes-Pyrénées","Tarbes"
"‍ L'Estrée","https://fr.wikipedia.org/wiki/Abbaye_de_l%27Estr%C3%A9e","48.766974901435","1.3050844311429","Muzy","Eure","Évreux"
"‍ L'Étancheou Estanche","https://fr.wikipedia.org/wiki/Abbaye_Notre-Dame_de_l%27%C3%89tanche","48.342698","5.747919","Rollainville","Vosges","Toul"
"‍ L'Étoile","https://fr.wikipedia.org/wiki/Abbaye_de_l%27%C3%89toile","46.653756370222","0.70307250902886","Archigny","Vienne[31]","Poitiers"
"Fabasou Lum-Dieu","https://fr.wikipedia.org/wiki/Abbaye_de_Fabas","43.313555","0.878035","Fabas","Haute-Garonne","Comminges"
"‍ La Faise","https://fr.wikipedia.org/wiki/Abbaye_Notre-Dame_de_la_Faise","44.968392962396","-0.12773763788553","Les Artigues-de-Lussac","Gironde","Bordeaux"
"Féniersou Val-Honnette","https://fr.wikipedia.org/wiki/Abbaye_de_F%C3%A9niers","45.32364539716","2.7708933320129","Condat","Cantal","Clermont"
"‍ La Ferté","https://fr.wikipedia.org/wiki/Abbaye_de_La_Fert%C3%A9","46.670950627318","4.8189376829066","Saint-Ambreuil","Saône-et-Loire","Châlons[32]"
"Fervaquesou Fontsomme","https://fr.wikipedia.org/wiki/Abbaye_Notre-Dame_de_Fervaques","49.907267","3.403063","FonsommeSaint-Quentin","Aisne","Noyon"
"‍ Les Feuillants","https://fr.wikipedia.org/wiki/Abbaye_des_Feuillants","43.35407209476","1.1399774175946","Labastide-Clermont","Haute-Garonne","RieuxToulouse"
"Flaran","https://fr.wikipedia.org/wiki/Abbaye_de_Flaran","43.889991392889","0.37317458439405","Valence-sur-Baïse","Gers","Auch"
"Flines","https://fr.wikipedia.org/wiki/Abbaye_de_Flines","50.423377800771","3.1724139000751","Flines-lez-Raches","Nord","Arras"
"Foigny","https://fr.wikipedia.org/wiki/Abbaye_de_Foigny","49.892152045789","3.9740896078739","La Bouteille","Aisne","Auch"
"Fontaine-Daniel","https://fr.wikipedia.org/wiki/Abbaye_de_Fontaine-Daniel","48.277880828509","-0.67355313461478","Saint-Georges-Buttavent","Mayenne","Le Mans"
"Fontaine-Guérard","https://fr.wikipedia.org/wiki/Abbaye_Notre-Dame_de_Fontaine-Gu%C3%A9rard","49.350129656936","1.308826597816","Radepont","Eure","Évreux"
"Fontainejeanou Fontaine-Jean-en-Gâtinais","https://fr.wikipedia.org/wiki/Abbaye_de_Fontainejean","47.848071388053","2.9604728597491","Saint-Maurice-sur-Aveyron","Loiret","Sens"
"Fontaine-les-Blanches","https://fr.wikipedia.org/wiki/Abbaye_de_Fontaine-les-Blanches","47.519509924403","1.0031039411859","Autrèche","Indre-et-Loire","Tours"
"Fontenay","https://fr.wikipedia.org/wiki/Abbaye_de_Fontenay","47.639640918176","4.3895823364658","Marmagne","Côte-d'Or[33]","Autun"
"Fontenelle","https://fr.wikipedia.org/wiki/Abbaye_de_Fontenelle","50.259476944748","4.3772185014023","Maing","Nord","Cambrai"
"Fontfroide","https://fr.wikipedia.org/wiki/Abbaye_Sainte-Marie_de_Fontfroide","43.127329239195","2.8982671622284","Narbonne","Aude[34]","Narbonne"
"Fontguilhemou Font Guilhem","https://fr.wikipedia.org/wiki/Abbaye_de_Fontguilhem","44.395658621642","-0.070702451646476","Masseilles","Gironde","Bazas"
"Fontmorigny","https://fr.wikipedia.org/wiki/Abbaye_de_Fontmorigny","47.032030960815","2.9567264799806","Menetou-Couture","Cher[35]","Bazas"
"Foucarmont","https://fr.wikipedia.org/wiki/Abbaye_de_Foucarmont","49.849795334345","1.5657777083857","Foucarmont","Seine-Maritime[36]","Rouen"
"Franquevaux","https://fr.wikipedia.org/wiki/Abbaye_de_Franquevaux","43.649567","4.347836","Beauvoisin","Gard","Nîmes"
"Freistroff","https://fr.wikipedia.org/wiki/Abbaye_de_Freistroff","49.281541298612","6.4920878548136","Freistroff","Moselle","Metz"
"‍ La Frenade","https://fr.wikipedia.org/wiki/Abbaye_de_la_Frenade","45.65742064412","-0.37269803186707","Merpins","Charente","Saintes"
"Froidmont","https://fr.wikipedia.org/wiki/Abbaye_de_Froidmont","49.380152618229","2.2612091378098","Hermes","Oise","Beauvais"
"‍ Le Gard","https://fr.wikipedia.org/wiki/Abbaye_du_Gard","49.96374816805","2.1033544922441","Crouy-Saint-Pierre","Somme","Amiens"
"‍ Garde-Dieu","https://fr.wikipedia.org/wiki/Abbaye_de_la_Garde-Dieu","44.171946265007","1.4152492031879","Mirabel","Tarn-et-Garonne","Cahors"
"‍ Les Gardes","https://fr.wikipedia.org/wiki/Abbaye_Notre-Dame_des_Gardes","47.153541980398","-0.73771938396725","Saint-Georges-des-Gardes","Maine-et-Loire[37]","Angers"
"Gémenosou Saint-Pons","https://fr.wikipedia.org/wiki/Abbaye_de_Saint-Pons_de_G%C3%A9menos","43.296956","5.633903","Gémenos","Bouches-du-Rhône[38]","Marseille"
"Gomerfontaine","https://fr.wikipedia.org/w/index.php?title=Abbaye_Notre-Dame_de_Gomerfontaine&action=edit&redlink=1","50.259476944748","4.3772185014023","Trie-la-Ville","Oise","RouenBeauvais"
"Gondonou Montastruc","https://fr.wikipedia.org/wiki/Abbaye_Notre-Dame_de_Gondon","44.517970636806","-0.53416404004848","Monbahus","Lot-et-Garonne","Agen"
"Gouffernou Saint André","https://fr.wikipedia.org/wiki/Abbaye_de_Saint-Andr%C3%A9-de-Gouffern","49.147655802869","2.3820358322078","La Hoguette","Calvados","Séez"
"Gourdonou Abbaye nouvelle ou de Léobard","https://fr.wikipedia.org/wiki/Abbaye_de_Gourdon","44.708530551736","1.3084038733679","Léobard","Lot","Cahors"
"‍ La Grâce-Dieu","https://fr.wikipedia.org/wiki/Abbaye_de_la_Gr%C3%A2ce-Dieu","47.249908649721","6.3484068230492","Chaux-lès-Passavant","Doubs","Besançon"
"‍ La Grâce-Dieuen Aunis","https://fr.wikipedia.org/wiki/Abbaye_de_La_Gr%C3%A2ce-Dieu_(Aunis)","46.204202680562","-0.84173236082366","Benon","Charente-Maritime","La Rochelle"
"La Grâce-Notre-Dame","https://fr.wikipedia.org/w/index.php?title=Abbaye_de_la_Gr%C3%A2ce-Notre-Dame&action=edit&redlink=1","48.854248882572","3.5594147374627","Montmirail","Marne","Reims"
"Grandselve","https://fr.wikipedia.org/wiki/Abbaye_de_Grandselve","43.85635117089","1.1381020623867","Bouillac","Tarn-et-Garonne","Toulouse"
"Grenoble","https://fr.wikipedia.org/wiki/Monast%C3%A8re_Sainte-C%C3%A9cile_de_Grenoble","45.1909","5.73315","Grenoble","Isère","Grenoble"
"Grosbotou Grosboisou Font-Vive","https://fr.wikipedia.org/wiki/Abbaye_Notre-Dame_de_Grosbot","45.552538012726","0.39860345983249","Charras","Charente","Angoulême"
"Hautecombe","https://fr.wikipedia.org/wiki/Abbaye_d%27Hautecombe","45.752596070753","5.8395436562126","Saint-Pierre-de-Curtille","Savoie","Chambéry"
"Hautefontaineou Haute-Fontaine","https://fr.wikipedia.org/wiki/Abbaye_de_Hautefontaine","48.641521267532","4.7867811663535","Ambrières","Marne","Châlons-sur-Marne"
"‍ Hauteseilleou Haute-Seille","https://fr.wikipedia.org/wiki/Abbaye_de_Haute-Seille","48.589206333673","6.9265129280219","Cirey-sur-Vezouze","Meurthe-et-Moselle","Nancy"
"Igny","https://fr.wikipedia.org/wiki/Abbaye_Notre-Dame_d%27Igny","49.210249454871","3.6854414425432","Arcis-le-Ponsart","Marne[39]","Reims"
"Isles","https://fr.wikipedia.org/wiki/Abbaye_des_Isles_d%27Auxerre","47.798105","3.577015","Auxerre","Yonne","Auxerre"
"Jassonneix","https://fr.wikipedia.org/wiki/Prieur%C3%A9_du_Jassonneix","45.551757","2.135625","Meymac","Corrèze","Tulle"
"‍ Le Jau","https://fr.wikipedia.org/wiki/Abbaye_Sainte-Marie_de_Jau","42.683199208094","2.2603165067188","Mosset","Pyrénées-Orientales","Perpignan"
"Joie","https://fr.wikipedia.org/wiki/Abbaye_de_la_Joie","47.81510199659","-3.2820233703783","Hennebont","Morbihan","Vannes"
"Joie-lès-Nemoursou Joie Notre-Dameou Saussaie","https://fr.wikipedia.org/wiki/Abbaye_de_la_Joie-l%C3%A8s-Nemours","48.260413","2.694129","Saint-Pierre-lès-Nemours","Seine-et-Marne","Sens"
"Notre-Dame-de-la-Joieou Sainte-Claire","https://fr.wikipedia.org/w/index.php?title=Abbaye_Notre-Dame_de_la_Joie_(Oise)&action=edit&redlink=1","49.41394","2.966768","Berneuil-sur-Aisne","Oise","Soissons"
"Jouy","https://fr.wikipedia.org/wiki/Abbaye_Notre-Dame_de_Jouy","48.647125262531","3.2064579633482","Chenoise","Seine-et-Marne","SensMeaux"
"Kerlot","https://fr.wikipedia.org/wiki/Abbaye_Notre-Dame_de_Kerlot","47.959081848262","-4.1467693342442","PlomelinQuimper","Finistère","Quimper"
"Koenigsbrückou Königsbrück","https://fr.wikipedia.org/wiki/Abbaye_de_Koenigsbr%C3%BCck","48.861156108998","8.0130180372017","Leutenheim","Bas-Rhin","Strasbourg"
"Lachaladeou La Chalade","https://fr.wikipedia.org/wiki/Abbaye_de_Lachalade","49.165110939526","4.9590352294133","Lachalade","Meuse[40]","VerdunMeaux"
"‍ Le Landais","https://fr.wikipedia.org/wiki/Abbaye_Notre-Dame_du_Landais","47.005414600959","1.4898192719798","Frédille","Indre[41]","Bourges"
"Langonnet","https://fr.wikipedia.org/wiki/Abbaye_Notre-Dame_de_Langonnet","48.106153868002","-3.4321193692136","Langonnet","Morbihan","Quimper"
"Lannoyou Briostel","https://fr.wikipedia.org/wiki/Abbaye_de_Lannoy","49.58942575132","1.9118397413314","Roy-Boissy","Oise","Beauvais"
"Lanvaux","https://fr.wikipedia.org/wiki/Abbaye_Notre-Dame_de_Lanvaux","47.80050462858","-2.9338474537438","Brandivy","Morbihan","Vannes"
"Larrivourou Larivour ou L'Arrivour","https://fr.wikipedia.org/wiki/Abbaye_Notre-Dame_de_Larrivour","48.276087963636","4.2568775637521","Lusigny-sur-Barse","Aube","Troyes"
"Lazières","https://fr.wikipedia.org/w/index.php?title=Abbaye_de_Lazi%C3%A8res&action=edit&redlink=1","44.617241","1.484869","Montamel","Lot","Cahors"
"Léoncel","https://fr.wikipedia.org/wiki/Abbaye_de_L%C3%A9oncel","44.910842357617","5.1928860079488","Léoncel","Drôme[42]","Die"
"Lérins","https://fr.wikipedia.org/wiki/Abbaye_de_L%C3%A9rins","43.50600969786","7.0480415774208","Cannes","Alpes-Maritimes[43]","Fréjus-Toulon"
"Leymeou Lermeou La Grâce-Dieu","https://fr.wikipedia.org/w/index.php?title=Abbaye_de_Leyme&action=edit&redlink=1","44.782510170048","1.9071916585808","Leyme","Lot","Cahors"
"Lieu-Croissantou Les Trois Rois","https://fr.wikipedia.org/wiki/Abbaye_de_Lieu-Croissant","47.485595503134","6.5633240184673","Geney","Doubs","Besançon"
"Lieu-Dieu","https://fr.wikipedia.org/wiki/Abbaye_du_Lieu-Dieu","47.121833","4.871534","LeymeBeaune","Côte-d'Or","Dijon"
"Lieu-Dieuen Ponthieu","https://fr.wikipedia.org/wiki/Abbaye_du_Lieu-Dieu_(Beauchamps)","50.005639764529","1.5201604463382","Beauchamps","Somme","Amiens"
"Petit-Lieu","https://fr.wikipedia.org/wiki/Abbaye_du_Petit-Lieu","46.31036","6.432966","Perrignier","Haute-Savoie","Genève"
"Lieu-Notre-Dameou Notre-Dame-du-Lieu","https://fr.wikipedia.org/w/index.php?title=Abbaye_du_Lieu-Notre-Dame_(Loiret)&action=edit&redlink=1","47.388170176651","1.7448080017063","Romorantin-Lanthenay","Loir-et-Cher","Orléans"
"Lisle-en-Barroisou l'Isle-en-Barrois","https://fr.wikipedia.org/wiki/Abbaye_de_Lisle-en-Barrois","48.895555550388","5.1261452524694","Lisle-en-Barrois","Meuse","Toul"
"Loc-Dieu","https://fr.wikipedia.org/wiki/Abbaye_de_Loc-Dieu","44.339550275885","1.9309226631441","Martiel","Aveyron","Rodez"
"Longpont","https://fr.wikipedia.org/wiki/Abbaye_Notre-Dame_de_Longpont","49.272541245926","3.2209335298153","Longpont","Aisne[44]","Soissons"
"Longuayou Longué","https://fr.wikipedia.org/wiki/Abbaye_de_Longuay","47.920766161836","4.91049079528","Aubepierre-sur-Aube","Haute-Marne","Langres"
"Longvillers","https://fr.wikipedia.org/wiki/Abbaye_de_Longvillers","50.53222","1.73167","Longvilliers","Pas-de-Calais","Boulogne-sur-Mer"
"Loosou Looz","https://fr.wikipedia.org/wiki/Abbaye_Notre-Dame_de_Loos","50.616362201054","2.9985109153235","Loos","Nord","Tournai"
"Loroyou Lorroy ou Lorois","https://fr.wikipedia.org/wiki/Abbaye_Notre-Dame_de_Loroy","47.319641707347","2.4181805729973","Méry-ès-Bois","Cher","Bourges"
"‍ Le Lourouxou Loroux","https://fr.wikipedia.org/wiki/Abbaye_de_Louroux","47.42151735967","0.025857862167769","Vernantes","Maine-et-Loire","Angers"
"Lucelleou Lützel","https://fr.wikipedia.org/wiki/Abbaye_de_Lucelle","47.421113","7.245912","LucellePleigne","Haut-RhinJura","Bâle"
"‍ Le Lys","https://fr.wikipedia.org/wiki/Abbaye_du_Lys","48.518265521513","2.6318532226419","Dammarie-les-Lys","Seine-et-Marne","Sens"
"Maizières","https://fr.wikipedia.org/wiki/Abbaye_de_Maizi%C3%A8res","46.948064383767","4.8868890982662","Saint-Loup-Géanges","Saône-et-Loire","Châlons"
"Manosque","https://fr.wikipedia.org/wiki/Couvent_des_Bernardines_de_Manosque","43.833654","5.784741","Manosque","Alpes-de-Haute-Provence","Digne"
"Marcilly","https://fr.wikipedia.org/wiki/Abbaye_Notre-Dame_de_Marcilly","47.54200585674","3.9389211788606","Provency","Yonne","Autun"
"Marquetteou Bonrepos","https://fr.wikipedia.org/wiki/Abbaye_du_repos_de_Notre-Dame_de_Marquette","47.54200585674","3.9389211788606","Marquette-lez-Lille","Nord","Tournai"
"Maubec","https://fr.wikipedia.org/wiki/Abbaye_de_Maubec","44.5330656755","4.7667526991666","Montélimar","Drôme","Valence"
"Maubuissonou Notre-Dame-la-Royale","https://fr.wikipedia.org/wiki/Abbaye_de_Maubuisson","49.046340970098","2.1166438670885","Saint-Ouen-l'Aumône","Val-d'Oise","RouenParis"
"Mazan","https://fr.wikipedia.org/wiki/Abbaye_de_Mazan","44.728838999779","4.0886944925979","Mazan-l'Abbaye","Ardèche","Viviers"
"Mègemont","https://fr.wikipedia.org/wiki/Abbaye_de_M%C3%A8gemont","45.497466","3.086374","Chassagne","Puy-de-Dôme","Clermont"
"Melleray","https://fr.wikipedia.org/wiki/Abbaye_Notre-Dame_de_Melleray","47.548975","-1.377487","La Meilleraye-de-Bretagne[45]","Loire-Atlantique","Nantes"
"‍ La Merci-Dieu","https://fr.wikipedia.org/wiki/Abbaye_de_la_Merci-Dieu","46.7675","0.838611","La Roche-Posay","Vienne","Poitiers"
"Mercoire","https://fr.wikipedia.org/wiki/Abbaye_de_Mercoire","44.62139","3.79389","Cheylard-l'Évêque","Lozère","Mende"
"Micy","https://fr.wikipedia.org/wiki/Abbaye_Saint-Mesmin_de_Micy","47.881994","1.868461","Saint-Pryvé-Saint-Mesmin","Loiret","Orléans"
"‍ Le Miroir","https://fr.wikipedia.org/wiki/Abbaye_Notre-Dame_du_Miroir","46.528391","5.325799","Le Miroir","Saône-et-Loire","Lyon"
"Molaise","https://fr.wikipedia.org/wiki/Abbaye_de_Molaise","46.95038","5.05114","Écuelles","Saône-et-Loire","Châlons-sur-Saône"
"Mollégès","https://fr.wikipedia.org/wiki/Abbaye_Notre-Dame_de_Moll%C3%A9g%C3%A8s","43.805378","4.949078","Mollégès","Bouches-du-Rhône","Arles"
"Monchyou Mouchy-le-Péreux","https://fr.wikipedia.org/w/index.php?title=Abbaye_Notre-Dame_sur_Aronde_de_Monchy&action=edit&redlink=1","49.468797","2.763141","Monchy-Humières","Oise","Beauvais"
"Moncé","https://fr.wikipedia.org/wiki/Abbaye_de_Monc%C3%A9","47.452585","1.024152","Limeray","Indre-et-Loire","Tours"
"MontSainte-Catherine","https://fr.wikipedia.org/wiki/Abbaye_Sainte-Catherine_du_Mont_(Semnoz)","45.870803","6.112523","Annecy","Haute-Savoie","GenèveAnnecy"
"Monthiers-en-Argonne","https://fr.wikipedia.org/wiki/Abbaye_de_Monthiers-en-Argonne","48.898584","4.877773","Possesse","Marne","Châlons-en-Champagne"
"Mont-des-Cats","https://fr.wikipedia.org/wiki/Abbaye_du_Mont_des_Cats","50.78501","2.66523","Godewaersvelde","Nord","CambraiLille"
"Mont-Sainte-Marie","https://fr.wikipedia.org/wiki/Abbaye_de_Mont-Sainte-Marie","46.788439","6.274716","Labergement-Sainte-Marie","Doubs","Besançon"
"Mont-Sion","https://fr.wikipedia.org/wiki/Abbaye_du_Mont-Sion","43.30028","5.379529","Marseille","Bouches-du-Rhône","Marseille"
"Montpeyroux","https://fr.wikipedia.org/wiki/Abbaye_de_Montpeyroux","45.941399","3.520028","Puy-Guillaume","Puy-de-Dôme[46]","Clermont"
"Montreuil-les-Damesou Montreuil-sous-Laon","https://fr.wikipedia.org/wiki/Abbaye_de_Montreuil-les-Dames","49.570178","3.602332","Laon","Aisne","Laon"
"Moreillesou Moreil","https://fr.wikipedia.org/wiki/Abbaye_de_Moreilles","46.418486","-1.081261","Moreilles","Vendée","La Rochelle"
"Mores","https://fr.wikipedia.org/wiki/Abbaye_Notre-Dame_de_Mores","48.07683","4.4336","Celles-sur-Ource","Aube","Langres"
"Morimond","https://fr.wikipedia.org/wiki/Abbaye_de_Morimond","48.057126","5.673172","Parnoy-en-Bassigny","Haute-Marne","Langres"
"Mortemer","https://fr.wikipedia.org/wiki/Abbaye_de_Mortemer","49.369663","1.481209","Lisors","Eure[47]","Rouen"
"Notre-Dame-des-Neiges","https://fr.wikipedia.org/wiki/Abbaye_Notre-Dame-des-Neiges","44.600355","3.933279","Saint-Laurent-les-Bains","Ardèche[48]","Viviers"
"Netlieu","https://fr.wikipedia.org/w/index.php?title=Abbaye_de_Netlieu&action=edit&redlink=1","","","Mèze","Hérault","Agde"
"Neubourgou Nuwenburg","https://fr.wikipedia.org/wiki/Abbaye_de_Neubourg","48.840125958614","7.682328538986","Dauendorf","Bas-Rhin","Strasbourg"
"‍ La Noë","https://fr.wikipedia.org/wiki/Abbaye_de_la_No%C3%AB","48.995687336437","1.0451800095018","La Bonneville-sur-Iton","Eure","Évreux"
"Noirlacou La Maison-Dieu","https://fr.wikipedia.org/wiki/Abbaye_de_Noirlac","46.745239539834","2.4605456818678","Bruère-Allichamps","Cher[49]","Bourges"
"Nonenque","https://fr.wikipedia.org/wiki/Abbaye_de_Nonenque","43.90284","3.035292","Marnhagues-et-Latour","Aveyron","VabresRodez"
"Oelenberg","https://fr.wikipedia.org/wiki/Abbaye_Notre-Dame_d%27Oelenberg","47.746118122707","7.2133155665013","Reiningue","Haut-Rhin[50]","Strasbourg"
"‍ Les Olieuxou des Olives","https://fr.wikipedia.org/w/index.php?title=Abbaye_des_Olieux&action=edit&redlink=1","43.149143","3.055097","Narbonne","Aude","Narbonne"
"Olivet","https://fr.wikipedia.org/wiki/Abbaye_Notre-Dame_d%27Olivet","47.277413529756","1.8031006906915","Saint-Julien-sur-Cher","Cher","Bourges"
"Oraison-Dieu","https://fr.wikipedia.org/w/index.php?title=Abbaye_d%27Oraison-Dieu&action=edit&redlink=1","43.426019","1.284209","Saint-Hilaire","Haute-Garonne","Toulouse"
"Ounans","https://fr.wikipedia.org/w/index.php?title=Abbaye_Notre-Dame_d%27Ounans&action=edit&redlink=1","47.000846","5.660917","Ounans","Jura","Besançon"
"Ourscamp","https://fr.wikipedia.org/wiki/Abbaye_Notre-Dame_d%27Ourscamp","49.53452223739","2.972475577614","Chiry-Ourscamp","Oise","Noyon"
"Pairis","https://fr.wikipedia.org/wiki/Abbaye_de_Pairis","48.120320475345","7.144351025725","Orbey","Haut-Rhin","BâleStrasbourg"
"‍ La Paix-Dieuou Cabanoule","https://fr.wikipedia.org/wiki/Abbaye_Notre-Dame_de_la_Paix-Dieu","44.053103","3.967628","Anduze","Gard","Nîmes"
"‍ Le Palais","https://fr.wikipedia.org/wiki/Abbaye_Notre-Dame_du_Palais","45.993869638899","1.7699804160772","Thauron","Haute-Vienne","Limoges"
"Penthemontou Pentemontou Panthemont ou Pantemont ","https://fr.wikipedia.org/wiki/Abbaye_de_Penthemont","49.43034","2.057801","BeauvaisParis 7e","OiseParis","BeauvaisParis"
"Le Paraclet des Champs","https://fr.wikipedia.org/wiki/Abbaye_du_Paraclet_des_Champs","49.823626","2.393152","CottenchyAmiens","Somme","Amiens"
"Parc-aux-Dames","https://fr.wikipedia.org/w/index.php?title=Abbaye_du_Parc-aux-Dames&action=edit&redlink=1","49.222643","2.833402","Auger-Saint-Vincent","Oise","Senlis"
"Pérignac","https://fr.wikipedia.org/wiki/Abbaye_de_P%C3%A9rignac","49.222643","2.833402","Auger-Saint-Vincent","Lot-et-Garonne","Agen"
"‍ Le Perray-aux-Nonnains","https://fr.wikipedia.org/wiki/Abbaye_du_Perray-aux-Nonnains","47.523497","-0.504815","Écouflant","Maine-et-Loire","Angers"
"Perseigne","https://fr.wikipedia.org/wiki/Abbaye_de_Perseigne","48.390608887066","0.26118983536995","Neufchâtel-en-Saosnois","Sarthe","Le Mans"
"Petites-Roches","https://fr.wikipedia.org/w/index.php?title=Abbaye_Notre-Dame_des_Petites-Roches&action=edit&redlink=1","45.328857","5.903551","Saint-Bernard-du-Touvet","Isère","Grenoble"
"La Peyrouse","https://fr.wikipedia.org/wiki/Abbaye_de_la_Peyrouse","45.481756690175","0.86198594702175","Saint-Saud-Lacoussière","Dordogne","Périgueux"
"‍ Les Pierres","https://fr.wikipedia.org/wiki/Abbaye_des_Pierres","46.510114776733","2.2817360045801","Sidiailles","Cher","Bourges"
"‍ Le Pin","https://fr.wikipedia.org/wiki/Abbaye_du_Pin","46.568820777797","0.17839623430332","Béruges","Vienne","Poitiers"
"‍ La Piété-Dieu","https://fr.wikipedia.org/wiki/Abbaye_de_la_Pi%C3%A9t%C3%A9-Dieu-l%C3%A8s-Ramerupt","48.512631","4.303105","Ramerupt","Aube","Troyes"
"‍ La Plaine","https://fr.wikipedia.org/w/index.php?title=Abbaye_Notre-Dame_de_la_Plaine&action=edit&redlink=1","50.662303","3.031286","Saint-André-lez-Lille","Nord","Lille"
"Planselveou Gimont","https://fr.wikipedia.org/wiki/Abbaye_de_Planselve","43.620279441802","0.86271256186943","Gimont","Gers","Auch"
"‍ Le Pont-aux-Dames (de)","https://fr.wikipedia.org/w/index.php?title=Abbaye_du_Pont-aux-Dames&action=edit&redlink=1","48.876676","2.866251","Couilly-Pont-aux-Dames","Seine-et-Marne","Meaux"
"Pontautou Pontault","https://fr.wikipedia.org/wiki/Abbaye_de_Pontaut","43.583612399381","-0.5163699389924","Mant","Landes","Aire"
"Pontifroidou Pontiffroyou Pontifroy","https://fr.wikipedia.org/wiki/Abbaye_Notre-Dame_de_Pontifroid","49.12725339995","6.175276746172","Metz","Moselle","Metz"
"Pontigny","https://fr.wikipedia.org/wiki/Abbaye_de_Pontigny","47.909538954221","3.7141032348468","Pontigny","Yonne[51]","Auxerre"
"Pontronou Pontrond","https://fr.wikipedia.org/wiki/Abbaye_Notre-Dame_de_Pontron","47.506186","-0.947526","Le Louroux-Béconnais","Maine-et-Loire","Angers"
"Port-Royal des Champs","https://fr.wikipedia.org/wiki/Port-Royal_des_Champs","48.744410695752","2.0162859288714","Magny-les-Hameaux","Yvelines","Paris[52]"
"Port-Royal de Paris","https://fr.wikipedia.org/wiki/Abbaye_de_Port-Royal_de_Paris","48.838555","2.338368","Paris 5e","Paris","Paris"
"Port-du-Salutou le Port-Ringeard","https://fr.wikipedia.org/wiki/Abbaye_Notre-Dame-du-Port-du-Salut","47.997525158377","-0.73909251152078","Entrammes[53]","Mayenne","Laval"
"Prébenoît","https://fr.wikipedia.org/wiki/Abbaye_de_Pr%C3%A9beno%C3%AEt","46.342746115301","2.083752821683","Bétête","Creuse","Limoges"
"‍ La Prée","https://fr.wikipedia.org/wiki/Abbaye_de_La_Pr%C3%A9e","46.907154675472","2.1323414874526","Ségry","Indre","Bourges"
"‍ les Prés","https://fr.wikipedia.org/wiki/Abbaye_des_Pr%C3%A9s_de_Douai","50.376462","3.081655","Douai","Nord","Cambrai"
"‍ Notre-Dame des Préslès-Troyes","https://fr.wikipedia.org/wiki/Abbaye_Notre-Dame_des_Pr%C3%A9s","48.28768","4.044928","Saint-André-les-Vergers","Aube","Troyes"
"Preuilly","https://fr.wikipedia.org/wiki/Abbaye_de_Preuilly","48.44623173356","3.111910356248","Égligny","Seine-et-Marne","Meaux"
"Prières","https://fr.wikipedia.org/wiki/Abbaye_de_Pri%C3%A8res","47.52433853203","-2.4889325486602","Billiers","Morbihan","Vannes"
"Provinsou Mont Notre-Dameou Les Filles-Dieu","https://fr.wikipedia.org/w/index.php?title=Abbaye_Mont_Notre-Dame_l%C3%A8s_Provins&action=edit&redlink=1","48.575549","3.309988","Provins","Seine-et-Marne","Sens"
"Quincy","https://fr.wikipedia.org/wiki/Abbaye_de_Quincy","47.862578106001","4.1026512821069","Tanlay","Yonne","Langres"
"Ravensbergou Ravensberghe","https://fr.wikipedia.org/w/index.php?title=Abbaye_de_Ravensberg&action=edit&redlink=1","50.864095","2.296689","Merckeghem","Pas-de-Calais","ThérouanneSaint-Omer"
"‍ Île de Réou Les Châteliers","https://fr.wikipedia.org/wiki/Abbaye_Notre-Dame-de-R%C3%A9_dite_des_Ch%C3%A2teliers","46.18637437689","-1.2951735730696","La Flotte","Charente-Maritime","Poitiers"
"‍ Le Reclus","https://fr.wikipedia.org/wiki/Abbaye_Notre-Dame_du_Reclus","48.838326742745","3.7244002600874","Talus-Saint-Prix","Marne","TroyesChâlons"
"‍ Le Réconfortou Saizy","https://fr.wikipedia.org/wiki/Abbaye_Notre-Dame-du-R%C3%A9confort_de_Saizy","47.344952104501","3.6705170743289","Saizy","Nièvre","Autun"
"Reignyou Régny ou Rigny","https://fr.wikipedia.org/wiki/Abbaye_de_Reigny","47.645761221914","3.7274820745881","Vermenton","Yonne[54]","Sens"
"‍ Le Relecou Relecq","https://fr.wikipedia.org/wiki/Abbaye_du_Relec","48.448892276574","-3.8248957395524","Plounéour-Ménez","Finistère[55]","Léon"
"Rieunette","https://fr.wikipedia.org/wiki/Abbaye_Sainte-Marie_de_Rieunette","43.096553","2.401947","Ladern-sur-Lauquet","Aude[56]","Narbonne"
"‍ Le Rivet","https://fr.wikipedia.org/wiki/Abbaye_Sainte-Marie_du_Rivet","44.518202058594","-0.1649303349654","Auros","Gironde[57]","Bazas"
"‍ Les Roches","https://fr.wikipedia.org/wiki/Abbaye_des_Roches","47.467323624496","2.9210707428987","Myennes","Nièvre","Auxerre"
"‍ La Rodeou La Rodé","https://fr.wikipedia.org/w/index.php?title=Abbaye_de_la_Rode&action=edit&redlink=1","47.467323624496","2.9210707428987","Lempaut","Tarn","Lavaur"
"Rosières","https://fr.wikipedia.org/wiki/Abbaye_Notre-Dame_de_Rosi%C3%A8res","46.957480810874","5.6517378837298","La Ferté","Jura","Besançon"
"‍ Les Rosiersou les Roziers","https://fr.wikipedia.org/wiki/Ch%C3%A2teau_des_Rosiers","49.283533","4.746436","Séchault","Ardennes","Reims"
"Royaumont","https://fr.wikipedia.org/wiki/Abbaye_de_Royaumont","49.147655802869","2.3820358322078","Asnières-sur-Oise","Val-d'Oise[58]","Beauvais"
"Abbaye de Saint-Pantaléon","https://fr.wikipedia.org/wiki/Abbaye_de_Saint-Pantal%C3%A9on","48.625194","4.956415","Saint-Dizier","Haute-Marne","Châlons-en-Champagne"
"Saint-Justou Notre-Dame des Anges","https://fr.wikipedia.org/wiki/Abbaye_Notre-Dame-des-Anges_de_Saint-Just-de-Claix","45.070315946019","5.2728194011431","Saint-Just-de-ClaixRomans-sur-Isère","IsèreDrôme","VienneValence"
"Saint-Marcel","https://fr.wikipedia.org/wiki/Abbaye_Saint-Marcel","44.116792745721","1.4694624820303","Réalville","Tarn-et-Garonne","Cahors"
"Beaurepaireou Saint-Paul","https://fr.wikipedia.org/w/index.php?title=Abbaye_Saint-Paul-de-Beaurepaire&action=edit&redlink=1","","","Beaurepaire","Isère","Vienne"
"Saint-Pierre-du-Puyou Notre-Dame-des-Plants","https://fr.wikipedia.org/w/index.php?title=Abbaye_Saint-Pierre-du-Puy&action=edit&redlink=1","","","Orange (Vaucluse)","Vaucluse","Orange"
"Saint-Saëns","https://fr.wikipedia.org/w/index.php?title=Abbaye_Saint-Sa%C3%ABns&action=edit&redlink=1","49.666725","1.286521","Saint-Saëns","Seine-Maritime","Rouen"
"Saint-Sulpice","https://fr.wikipedia.org/wiki/Abbaye_de_Saint-Sulpice","45.898035","5.583789","Thézillieu","Ain","Belley"
"Sainte-Acire","https://fr.wikipedia.org/wiki/Ch%C3%A2teau_de_Sainte-Assise#L'abbaye_royale_de_Saint-Acire","48.539853","2.551036","Seine-Port","Seine-et-Marne","Meaux"
"Sainte-Catherine en Avignon","https://fr.wikipedia.org/wiki/Abbaye_Sainte-Catherine_d%27Avignon","43.950513","4.809885","Avignon","Vaucluse","Avignon"
"Sainte-Croix Apt","https://fr.wikipedia.org/w/index.php?title=Abbaye_Sainte-Croix_d%27Apt&action=edit&redlink=1","43.875718","5.396002","Apt","Vaucluse","Apt"
"Sainte-Houdou Sainte-Hoïlde ou du Val-d'Ornain","https://fr.wikipedia.org/w/index.php?title=Abbaye_Sainte-Houd&action=edit&redlink=1","48.840243","5.086277","Val-d'Ornain","Meuse","Toul"
"‍ Les Salenquesou Abondance-Dieu","https://fr.wikipedia.org/wiki/Abbaye_des_Salenques","43.119423","1.358377","Les Bordes-sur-Arize","Ariège","Pamiers"
"‍ Sauve-Béniteou Séauve-Benoite","https://fr.wikipedia.org/wiki/Abbaye_de_la_Sauve-B%C3%A9nite","45.293969","4.249383","La Séauve-sur-Semène","Haute-Loire[59]","Le Puy-en-Velay"
"Sauvelade","https://fr.wikipedia.org/wiki/Abbaye_de_Sauvelade","43.39496","0.70653","Sauvelade","Pyrénées-Atlantiques","Lescar"
"‍ Le Sauvoir","https://fr.wikipedia.org/w/index.php?title=Abbaye_du_Sauvoir&action=edit&redlink=1","49.3358","3.38136","Laon","Aisne","Laon"
"Savigny","https://fr.wikipedia.org/wiki/Abbaye_de_Savigny","48.5019","-1.0275","Savigny-le-Vieux","Manche","Avranches"
"Sellières","https://fr.wikipedia.org/wiki/Abbaye_de_Selli%C3%A8res","48.532024","3.687887","Romilly-sur-Seine","Aube","Troyes"
"Sénanque","https://fr.wikipedia.org/wiki/Abbaye_Notre-Dame_de_S%C3%A9nanque","43.92833","5.18694","Gordes","Vaucluse[60]","Avignon"
"Sept-Fons","https://fr.wikipedia.org/wiki/Abbaye_de_Sept-Fons","46.545332","3.706241","Diou","Allier[61]","AutunMoulins"
"Signy","https://fr.wikipedia.org/wiki/Abbaye_Notre-Dame_de_Signy","49.698333","4.421111","Signy-l'Abbaye","Ardennes","Reims"
"Silvacane","https://fr.wikipedia.org/wiki/Abbaye_de_Silvacane","43.716223","5.329729","La Roque-d'Anthéron","Bouches-du-Rhône","Aix"
"Sturzelbronn","https://fr.wikipedia.org/wiki/Abbaye_de_Sturzelbronn","49.056236","7.584835","Sturzelbronn","Moselle","Metz"
"Sylvanèsou Silvanès ou Salvanes ou Silvanis","https://fr.wikipedia.org/wiki/Abbaye_de_Sylvan%C3%A8s","43.83417","2.96028","Sylvanès","Aveyron[62]","Rodez"
"Sylveréal","https://fr.wikipedia.org/wiki/Abbaye_de_Sylver%C3%A9al","43.547946","4.347409","Vauvert","Gard","Arles"
"Tamié","https://fr.wikipedia.org/wiki/Abbaye_Notre-Dame_de_Tami%C3%A9","45.687013","6.304339","Plancherine","Savoie[63]","Chambéry"
"Tart","https://fr.wikipedia.org/wiki/Abbaye_Notre-Dame_de_Tart","47.18403","5.24334","Tart-l'AbbayeDijon","Côte-d'Or","LangresDijon"
"Theuleyou Tulley","https://fr.wikipedia.org/wiki/Abbaye_de_Theuley","47.541006772032","5.5208727189854","Vars","Haute-Saône","BesançonLangres"
"‍ Le Thoronet","https://fr.wikipedia.org/wiki/Abbaye_du_Thoronet","47.541006772032","5.5208727189854","Le Thoronet","Var","Fréjus"
"Timadeuc","https://fr.wikipedia.org/wiki/Abbaye_Notre-Dame_de_Timadeuc","48.051464902291","-2.7232849606125","Bréhan","Morbihan[64]","Vannes"
"‍ Tourtour","https://fr.wikipedia.org/wiki/Abbaye_de_Flori%C3%A8yes","43.3454","6.2024","Tourtour","Var","Fréjus"
"Torigniou Thorigny","https://fr.wikipedia.org/wiki/Abbaye_de_Torigny","49.038037496353","-0.97084739582871","Torigni-sur-Vire","Calvados","Bayeux"
"‍ La Trappeou La Grande-Trappeou Soligny","https://fr.wikipedia.org/wiki/Abbaye_Notre-Dame_de_la_Trappe","48.637548933837","0.57356549430159","Soligny-la-Trappe","Orne[65]","Séez"
"Le Trésor Notre-Dame","https://fr.wikipedia.org/w/index.php?title=Abbaye_du_Tr%C3%A9sor_Notre-Dame&action=edit&redlink=1","49.151808","1.636495","Bus-Saint-Rémy","Eure","Évreux"
"Trizayou Trisayou Gué de Trizay","https://fr.wikipedia.org/wiki/Abbaye_de_Trizay","46.588889","-1.108333","Bournezeau","Vendée","Luçon"
"Trois-Fontaines","https://fr.wikipedia.org/wiki/Abbaye_de_Trois-Fontaines","48.7175","4.948889","Heiltz-le-Maurupt","Marne","Châlons-en-Champagne"
"Tironneauou Tyronneau","https://fr.wikipedia.org/wiki/Abbaye_de_Tironneau","48.239221","0.35047","Saint-Aignan","Sarthe[66]","Le Mans"
"Ubexy","https://fr.wikipedia.org/wiki/Abbaye_d%27Ubexy","48.335325311937","6.2718322464544","Ubexy","Vosges[67]","Saint-Dié"
"Ulmetou Aumet","https://fr.wikipedia.org/wiki/Abbaye_d%27Ulmet","43.4657","4.634532","Arles","Bouches-du-Rhône","Arles"
"Vaise","https://fr.wikipedia.org/wiki/Abbaye_Notre-Dame_de_la_Consolation_de_Vaise","45.768113","4.797219","Lyon IX","Rhône","Lyon"
"‍ Le Val","https://fr.wikipedia.org/wiki/Abbaye_Notre-Dame_du_Val","48.239221","0.35047","Mériel","Val-d'Oise","Paris"
"Val-de-Bressieuxou Laval-Bénite","https://fr.wikipedia.org/wiki/Abbaye_du_Val-de-Bressieux","45.302675","5.288993","Saint-Pierre-de-Bressieux","Isère","Vienne"
"‍ Le Val des Chouesou Val-des Choux","https://fr.wikipedia.org/wiki/Abbaye_du_Val_des_Choues","47.771335563797","4.7542635078266","Essarois","Côte-d'Or[68]","Dijon"
"‍ Le Val-Richerou Souleuvre","https://fr.wikipedia.org/wiki/Abbaye_du_Val-Richer","47.771335563797","4.7542635078266","Saint-Ouen-le-Pin","Calvados","Bayeux"
"Le Val-de-Vignes","https://fr.wikipedia.org/wiki/Abbaye_du_Val-des-Vignes","48.251713765248","4.6824320439879","Ailleville","Aube","Langres"
"‍ Le Valasseou Fongueusemareou Notre-Damedu Vœu","https://fr.wikipedia.org/wiki/Abbaye_du_Valasse","49.537174597197","0.50558396154018","Gruchet-le-Valasse","Seine-Maritime","Rouen"
"Valbenoîte","https://fr.wikipedia.org/wiki/%C3%89glise_Notre-Dame_de_Valbeno%C3%AEte","45.422021675756","4.3989179309334","Saint-Étienne","Loire","Lyon"
"Valbonne","https://fr.wikipedia.org/wiki/Abbaye_de_Valbonne_(Argel%C3%A8s-sur-Mer)","45.422021675756","4.3989179309334","Argelès-sur-Mer","Pyrénées-Orientales","Perpignan"
"Valcroissant","https://fr.wikipedia.org/wiki/Abbaye_de_Valcroissant","44.746184656349","5.4321240825912","Die","Drôme","Die"
"Valence","https://fr.wikipedia.org/wiki/Abbaye_de_Valence","46.311","0.172972","Couhé","Vienne","Poitiers"
"‍ La Valette","https://fr.wikipedia.org/wiki/Abbaye_de_la_Valette","45.234926","2.16615","Auriac","Corrèze","Tulle"
"Valloires","https://fr.wikipedia.org/wiki/Abbaye_de_Valloires","50.348296332782","1.8192841677672","Argoules","Somme[69]","Amiens"
"Valmagne","https://fr.wikipedia.org/wiki/Abbaye_Sainte-Marie_de_Valmagne","43.486909631652","3.5623067818404","Villeveyrac","Hérault[70]","Agde"
"‍ La Valroyou Val-Roi ou Val-Roy","https://fr.wikipedia.org/wiki/Abbaye_de_la_Valroy","49.577783180903","4.0852675998943","Saint-Quentin-le-Petit","Ardennes","Reims"
"Valsaintesou Boulinette","https://fr.wikipedia.org/wiki/Abbaye_Notre-Dame_de_Valsaintes","43.965056","5.608225","Simiane-la-Rotonde","Alpes-de-Haute-Provence[71]","Apt"
"Valsauve","https://fr.wikipedia.org/w/index.php?title=Abbaye_de_Valsauve&action=edit&redlink=1","44.142294","4.446169","VerfeuilBagnols-sur-Cèze","Gard","Uzès"
"Varennes","https://fr.wikipedia.org/wiki/Abbaye_de_Varennes","46.585385165422","1.8670661311732","Fougerolles","Indre","Bourges"
"‍ La Vassin","https://fr.wikipedia.org/wiki/Abbaye_de_La_Vassin","45.439176","2.675309","Saint-Donat","Puy-de-Dôme","Clermont"
"Vaucelles","https://fr.wikipedia.org/wiki/Abbaye_de_Vaucelles","50.078177053696","3.2243732734343","Les Rues-des-Vignes","Nord","Cambrai"
"Vauclair","https://fr.wikipedia.org/wiki/Abbaye_de_Vauclair","49.452671337691","3.7462247505578","Bouconville-Vauclair","Aisne","Laon"
"Vauluisant","https://fr.wikipedia.org/wiki/Abbaye_de_Vauluisant","48.264316860156","3.5372940628395","Courgenay","Yonne[72]","Sens"
"‍ Les Vaux-de-Cernay","https://fr.wikipedia.org/wiki/Abbaye_des_Vaux-de-Cernay","48.683959318918","1.9360062598716","Cernay-la-Ville","Yvelines[73]","Paris"
"‍Les Vaux en Ornois","https://fr.wikipedia.org/wiki/Abbaye_des_Vaux_en_Ornois","48.583278156024","5.4341069902328","Saint-Joire","Meuse","Toul"
"Vaux-la-Douceou d'Évaux","https://fr.wikipedia.org/wiki/Abbaye_de_Vaux-la-Douce","47.86207044302","5.7387775391696","Voisey","Haute-Marne","Langres"
"‍ Le Verger","https://fr.wikipedia.org/w/index.php?title=Abbaye_du_Verger&action=edit&redlink=1","45.439176","2.675309","Oisy-le-Verger","Pas-de-Calais","Cambrai"
"Vernaison","https://fr.wikipedia.org/w/index.php?title=Abbaye_de_Vernaison&action=edit&redlink=1","45.02966009204","5.0092338991359","Châteauneuf-sur-Isère","Drôme","Valence"
"Vic-lès-Capdenac","https://fr.wikipedia.org/w/index.php?title=Abbaye_de_Vic-l%C3%A8s-Capdenac&action=edit&redlink=1","44.571088","2.061791","Capdenac","Lot","Cahors"
"‍ La Vieuvilleou Vieuxville","https://fr.wikipedia.org/wiki/Abbaye_Notre-Dame_de_la_Vieuville","48.526838843136","-1.6857584250362","Epiniac","Ille-et-Vilaine","Dol"
"Vignogoul","https://fr.wikipedia.org/wiki/Abbaye_de_Vignogoul","43.594691","3.776628","Pignan","Hérault[74]","Montpellier"
"Villelongue","https://fr.wikipedia.org/wiki/Abbaye_Sainte-Marie_de_Villelongue","43.305541","2.166801","Saint-Martin-le-Vieil","Aude","Carcassonne"
"Villeneuve","https://fr.wikipedia.org/wiki/Abbaye_de_Villeneuve","47.12297051697","-1.5348804879823","Les Sorinières","Loire-Atlantique","Nantes"
"Villers-Bettnach","https://fr.wikipedia.org/wiki/Abbaye_de_Villers-Bettnach","49.233882419741","6.3638973026642","Saint-Hubert","Moselle[75]","Metz"
"Villers-Canivet","https://fr.wikipedia.org/wiki/Abbaye_de_Villers-Canivet","48.927169","-0.255894","Villers-Canivet","Calvados[76]","Séez"
"Villiers-aux-Nonnainsou Villiers-la-Joye ou Villiers-la-Joie","https://fr.wikipedia.org/wiki/Abbaye_de_Villiers-aux-Nonnains","48.927169","-0.255894","Cerny","Essonne","Sens"
"‍ La Virginité","https://fr.wikipedia.org/wiki/Abbaye_de_la_Virginit%C3%A9","47.789805","0.878924","Les Roches-l'Évêque","Loir-et-Cher","Le Mans"
"Vitry (de)ou Vitry-le-Perthois ou Vitry-le-Brûlé","https://fr.wikipedia.org/w/index.php?title=Abbaye_Saint-Jacques_de_Vitry&action=edit&redlink=1","48.736977276291","4.6220542094998","Vitry-en-Perthois","Marne","Châlons-en-Champagne"
"Voisins","https://fr.wikipedia.org/w/index.php?title=Abbaye_de_Voisins&action=edit&redlink=1","47.870301929405","1.7428210984639","Saint-Ay","Loiret","Orléans"
"Willencourt","https://fr.wikipedia.org/wiki/Abbaye_Notre-Dame_de_Willencourt","50.241357","2.088882","WillencourtAbbeville","Pas-de-CalaisSomme","Amiens"
"Woestyneou l'Oustine ou Woestine","https://fr.wikipedia.org/wiki/Abbaye_de_la_Woestyne","50.750023","2.365268","Renescure","","Thérouanne"
"‍ Woëvreou Saint-Benoît","https://fr.wikipedia.org/wiki/Abbaye_de_Saint-Beno%C3%AEt-en-Wo%C3%ABvre","48.988013421124","5.7853333765797","Vigneulles-lès-Hattonchâtel","Meuse","Metz"
