"N°note","Nom","link","Coordonnées - x","Coordonnées - y","Commune","Département","Diocèse","Famille","Date début","Date fin"

"‍","Abondance","https://fr.wikipedia.org/wiki/Abbaye_d%27Abondance","46.28111","6.72028","Abondance","Haute-Savoie","Genève","AugustinsFeuillants","1108-1607","1607-1761","
"
"096","Acey","https://fr.wikipedia.org/wiki/Abbaye_Notre-Dame_d%27Acey","47.26167","5.656929","Vitreux[2]","Jura","Saint-Claude","CisterciensTrappistes","1136-1872","1791-?","
"
"112","Aiguebelle","https://fr.wikipedia.org/wiki/Abbaye_Notre-Dame_d%27Aiguebelle","44.462211","4.842465","Montjoyer[3]","Drôme","Saint-Paul-Trois-ChâteauxpuisValence","CisterciensTrappistes","1137-1815","","
"
"‍","Almanarreou Lamanarre","https://fr.wikipedia.org/wiki/Abbaye_Saint-Pierre_de_l%27Almanarre","43.08142","6.12292","Hyères","Var","Toulon","Cisterciennes","1220","1793","
"
"‍","Altbronn","https://fr.wikipedia.org/wiki/Abbaye_Notre-Dame_d%27Altbronn","48.570066","7.528778","Ergersheim[4]","Bas-Rhin","Strasbourg","Trappistines","1825","2009","
"
"‍","Amour-Dieu","https://fr.wikipedia.org/wiki/Abbaye_de_l%27Amour-Dieu","49.078796","3.69413","Troissy","Marne","Châlons-en-Champagne","Cisterciennes","1237","1791","
"
"274","Ardorel(ou Arborel)","https://fr.wikipedia.org/wiki/Abbaye_Notre-Dame_d%27Ardorel","43.546044","2.346341","Payrin-Augmontel[5]","Tarn","Castres","Cisterciens","1124","1586","
"
"‍","Argensolles","https://fr.wikipedia.org/wiki/Abbaye_d%27Argensolles","48.96778","3.92583","Moslins","Marne","Soissons","Cisterciennes","1229","1763","
"
"‍","Arques","https://fr.wikipedia.org/w/index.php?title=Abbaye_Notre-Dame_et_Saint-Joseph_d%27Arques&action=edit&redlink=1","49.88259","1.126897","Arques-la-Bataille","Seine-Maritime","Rouen","Cisterciennes","?","?","
"
"266","Aubazine","https://fr.wikipedia.org/wiki/Abbaye_d%27Aubazine","45.174167","1.669444","Aubazines","Corrèze","Tulle","CisterciensSœurs melkitesThéophanieVerbe de Vie","1142-1963-1963-1987","1791-?-1987-2010","
"
"295","Aubepierre","https://fr.wikipedia.org/wiki/Abbaye_d%27Aubepierre","46.393077","1.765993","Méasnes","Creuse","Limoges","Cisterciens","1149","1569","
"
"109","Auberive","https://fr.wikipedia.org/wiki/Abbaye_d%27Auberive","47.7886","5.06083","Auberive","Haute-Marne","Langres","Cisterciens","1149","1791","
"
"‍","Aubeterre","https://fr.wikipedia.org/w/index.php?title=Abbaye_d%27Aubeterre&action=edit&redlink=1","45.26982","0.170394","Aubeterre-sur-Dronne","Charente","Périgueux","Cisterciens","","","
"
"379","Aubignac","https://fr.wikipedia.org/wiki/Abbaye_Notre-Dame_d%27Aubignac","46.397606","1.504954","Saint-Sébastien[7]","Creuse","Bourges","Cisterciens","1162","1790","
"
"102","Aulps","https://fr.wikipedia.org/wiki/Abbaye_d%27Aulps","46.24194","6.65","Saint-Jean-d'Aulps[8]","Haute-Savoie","GenèvepuisAnnecy","","1079","1779","
"
"016","Aumônedite« Le Petit-Cîteaux »","https://fr.wikipedia.org/wiki/Abbaye_de_l%27Aum%C3%B4ne","47.873882","1.378483","La Colombe[9]","Loir-et-Cher","ChartrespuisBlois","Cisterciens","1121","1801","
"
"247","Aunayou d’Aunay-sur-Odonou d’Aulnay","https://fr.wikipedia.org/wiki/Abbaye_Notre-Dame_d%27Aunay","49.021111","-0.630833","Aunay-sur-Odon","Calvados","Bayeux","Cisterciens","1125","1801","
"
"‍","Ayes","https://fr.wikipedia.org/wiki/Abbaye_des_Ayes","45.274437","5.879177","Crolles[10]","Isère","Grenoble","Cisterciennes","1140","1792","
"
"099","Balerne","https://fr.wikipedia.org/wiki/Abbaye_de_Balerne","46.748056","5.907778","Mont-sur-Monnet","Jura","BesançonpuisSaint-Claude","Cisterciens","1107","1793","
"
"280","Barbeau","https://fr.wikipedia.org/wiki/Abbaye_de_Barbeau","48.486","2.7639","Fontaine-le-Port","Seine-et-Marne","Sens","Cisterciens","1147","1791","
"
"444","Barbery","https://fr.wikipedia.org/wiki/Abbaye_Notre-Dame_de_Barbery","49.02611","-0.34694","BarberyBretteville-sur-Laize","Calvados","Bayeux","Cisterciens","1140","1776","
"
"124","Barzelleou Barzelles","https://fr.wikipedia.org/wiki/Abbaye_Notre-Dame_de_Barzelle","47.177568","1.602421","Poulaines","Indre","Bourges","Cisterciens","1137","?","
"
"283","Baumgarten","https://fr.wikipedia.org/wiki/Abbaye_de_Baumgarten","48.3642","7.40333","Bernardvillé","Bas-Rhin","Strasbourg","CisterciensTrappistines","1148-2009","","
"
"‍","Bayonneou Saint-Bernard-de Lasteyron","https://fr.wikipedia.org/wiki/Abbaye_Saint-Bernard_de_Bayonne","43.506389","-1.486406","Bayonne","Pyrénées-Atlantiques","Dax","Cisterciennes","1245","1790","
"
"239","Beaubec","https://fr.wikipedia.org/wiki/Abbaye_Saint-Laurent_de_Beaubec","49.642463","1.494703","Beaubec-la-Rosière","Seine-Maritime","Rouen","Cisterciens","1128","1790","
"
"421","Beaugeraisou Baugerais","https://fr.wikipedia.org/wiki/Abbaye_de_Beaugerais","47.053641","1.199006","Loché-sur-Indrois","Indre-et-Loire","Tours","ChanoinesréguliersCisterciens","1153-1172","1172-1790","
"
"411","Beaulieuou Beaulieu-en-Bassigny","https://fr.wikipedia.org/wiki/Abbaye_de_Beaulieu_(Haute-Marne)","47.824912","5.567229","Haute-Amance","Haute-Marne","Langres","Cisterciens","1166","?","
"
"195","Beaulieu-en-Rouergueou Belloc","https://fr.wikipedia.org/wiki/Abbaye_de_Beaulieu-en-Rouergue","44.21","1.854167","Ginals[11]","Tarn-et-Garonne","Rodez","Cisterciens","1144","1791","
"
"92","Beaupréen Picardie","https://fr.wikipedia.org/wiki/Abbaye_de_Beaupr%C3%A9_(Achy)","49.56361111","1.96472222","Achy","Oise","Beauvais","Cisterciens","1135","1790","
"
"081","Beaupréen Lorraine","https://fr.wikipedia.org/wiki/Abbaye_de_Beaupr%C3%A9_(Moncel)","48.553291","6.532282","Moncel-lès-Lunéville","Meurthe-et-Moselle","ToulpuisNancy","Cisterciens","1135","1790","
"
"‍","Beaupré-sur-la-Lys","https://fr.wikipedia.org/wiki/Abbaye_Notre-Dame_de_Beaupr%C3%A9-sur-la-Lys","50.640079","2.692797","La Gorgue","Nord","Saint-Omer","Cisterciennes","1221","1790","
"
"‍","Beauvoir","https://fr.wikipedia.org/wiki/Abbaye_Notre-Dame_de_Beauvoir","47.122315","2.234847","Marmagne","Cher","Bourges","Cisterciennes","1234","1791","
"
"‍","Bégard","https://fr.wikipedia.org/wiki/Abbaye_de_B%C3%A9gard","48.6303","-3.3","Bégard","Côtes-d'Armor[12]","Tréguier","Cisterciens","1130","1790","
"
"115","Bellaigue","https://fr.wikipedia.org/wiki/Abbaye_Notre-Dame_de_Bellaigue","46.1564","2.69806","Virlet","Puy-de-Dôme[13]","Clermont","BénédictinsCisterciensBénédictins","950-1137-2000","1136-1791-?","
"
"‍","Belleau","https://fr.wikipedia.org/wiki/Abbaye_Notre-Dame_de_Belleau","48.781619","3.447783","Villeneuve-la-Lionne","Marne","Reims","Cisterciennes","1245","1510","
"
"337","Bellebranche","https://fr.wikipedia.org/wiki/Abbaye_de_Bellebranche","47.87944","-0.44028","Saint-Brice","Mayenne","Le Mans","Cisterciens","1150","1793","
"
"‍","Bellecombe","https://fr.wikipedia.org/wiki/Abbaye_Notre-Dame_de_Bellecombe","45.100994169118","4.1585670103365","Yssingeaux","Haute-Loire","Le Puy-en-Velay","Cisterciennes","1148","1792","
"
"‍","Bellefontaine","https://fr.wikipedia.org/wiki/Abbaye_Notre-Dame_de_Bellefontaine","47.151874438197","-0.93854880657094","Bégrolles-en-Mauges[14]","Maine-et-Loire","Angers","CisterciensTrappistes","1120-1816","1790-?","
"
"185","Belleperche","https://fr.wikipedia.org/wiki/Abbaye_de_Belleperche","43.994521547165","1.1256062991637","Cordes-Tolosannes","Tarn-et-Garonne","Montauban","Cisterciens","1143","1791","
"
"013","Bellevaux","https://fr.wikipedia.org/wiki/Abbaye_Notre-Dame_de_Bellevaux","47.404531929648","6.1203974110093","Cirey","Haute-Saône","Besançon","Cisterciens","1120-1817","1791-1830","
"
"‍","Belmont","https://fr.wikipedia.org/wiki/Abbaye_de_Belmont","47.715443135781","5.5487382237152","Belmont","Haute-Marne","Langres","Cisterciennes","1120","?","
"
"‍","Belval","https://fr.wikipedia.org/wiki/Abbaye_de_Belval_(Troisvaux)","50.417214318641","2.3386966138699","Troisvaux","Pas-de-Calais","Arras","Trappistines","1895","2011","
"
"131","Bénisson-Dieu","https://fr.wikipedia.org/wiki/Abbaye_de_la_B%C3%A9nisson-Dieu","46.150991685261","4.0456133256573","La Bénisson-Dieu[15]","Loire","Lyon","CisterciensCisterciennes[note 3]","1138-1611","1611-1791","
"
"471","Bénisson-Dieuou Nisors ou Nizors","https://fr.wikipedia.org/wiki/Abbaye_de_la_B%C3%A9nisson-Dieu_de_Boulogne-sur-Gesse","43.267909","0.654026","Boulogne-sur-Gesse","Haute-Garonne","CommingespuisToulouse","Cisterciens","1184","1213","
"
"118","Berdouesou Berdouès","https://fr.wikipedia.org/wiki/Abbaye_de_Berdoues","43.480764","0.408822","Berdoues","Gers","Auch","Cisterciens","1135","1791","
"
"‍","Betton","https://fr.wikipedia.org/wiki/Abbaye_du_Betton","45.540022","6.197766","Betton-Bettonet[16]","Savoie","MauriennepuisChambéry","Cisterciennes","1133","1791","
"
"‍","Biachesou Notre-Damede la Brelle","https://fr.wikipedia.org/wiki/Abbaye_Notre-Dame_de_Biaches","49.9162","2.911987","Biaches","Somme","Noyon","Cisterciennes","1235","1764","
"
"279","Billonou Buillon","https://fr.wikipedia.org/wiki/Abbaye_Notre-Dame_de_Billon","47.695404186835","6.3675700605907","Chenecey-Buillon","Doubs","Besançon","Cisterciens","1148","1791","
"
"068","Bithaine","https://fr.wikipedia.org/wiki/Abbaye_de_Bithaine","47.695404186835","6.3675700605907","Adelans-et-le-Val-de-Bithaine","Haute-Saône","Besançon","Cisterciens","1133","1791","
"
"‍","Bival","https://fr.wikipedia.org/wiki/Abbaye_de_Bival","49.703376","1.542639","Nesle-Hodeng","Seine-Maritime","Rouen","Cisterciennes","1128","1790","
"
"‍","‍ La Blancheou L'Isle-Dieuou Île du Pilier","https://fr.wikipedia.org/wiki/Abbaye_Notre-Dame_de_la_Blanche","47.026548351798","-2.2705206217272","Noirmoutier-en-l'Île","Vendée","Luçon","Cisterciens","1172","1789","
"
"‍","Blancheou des Blanches","https://fr.wikipedia.org/wiki/Abbaye_Blanche","48.65806","-0.945","Mortain","Manche","Avranches","Cisterciennes","1105-1649","1350-?","
"
"‍","Blauvac","https://fr.wikipedia.org/wiki/Abbaye_Notre-Dame_de_Bon_Secours_de_Blauvac","44.021929763532","5.1997415158667","Blauvac","Vaucluse[17]","Avignon","Trappistines","1991","","
"
"‍","Blendecques","https://fr.wikipedia.org/wiki/Abbaye_Sainte-Colombe_de_Blendecques","50.717741","2.283412","Blendecques","Pas-de-Calais","ThérouannepuisSaint-Omer","Cisterciennes","1182","?","
"
"377","Bœuilou Beuil","https://fr.wikipedia.org/wiki/Abbaye_Notre-Dame_de_B%C5%93uil","45.902439","1.060456","Veyrac","Haute-Vienne","Limoges","Cisterciens","1123","1790","
"
"156","Bohéries","https://fr.wikipedia.org/wiki/Abbaye_de_Boh%C3%A9ries","49.918407822338","3.5737715620237","VadencourtprécédemmentBohériespuisVadencourt-et-Bohéries","Aisne","Laon","Cisterciens","1141","1791","
"
"‍","‍ aux Boisou L’hermitage ouNotre-Dame aux Bois","https://fr.wikipedia.org/wiki/Abbaye-aux-Bois","49.679543","2.923521","OgnollesParis 7e","OiseParis","NoyonParis","Cisterciennes","1205-1667","1667-?","
"
"121","‍ des Boisou Saint-Aubin","https://fr.wikipedia.org/wiki/Abbaye_Saint-Aubin_des_Bois","48.491279928569","-2.3963994485204","Plédéliac","Côtes-d'Armor","Saint-Brieuc","Cisterciens","1138","1790","
"
"534","Bois-Grolland","https://fr.wikipedia.org/wiki/Abbaye_Notre-Dame_de_Bois-Grolland","46.524762923012","-1.5478661624274","Poiroux","Vendée","Luçon","Cisterciens","1201","1791","
"
"246","‍ La Boissière","https://fr.wikipedia.org/wiki/Abbaye_de_la_Boissi%C3%A8re","47.5522949948","0.12947660088471","Dénezé-sous-le-Lude","Maine-et-Loire","Angers","Cisterciens","1131","1789","
"
"420","Bon-Repos","https://fr.wikipedia.org/wiki/Abbaye_Notre-Dame_de_Bon-Repos","48.211383","-3.12678","Saint-Gelven[18]","Côtes-d'Armor","Quimper","Cisterciens","1184","1790","
"
"‍","Bondeville","https://fr.wikipedia.org/wiki/Abbaye_de_Bondeville","49.494431","1.041715","Notre-Dame-de-Bondeville","Seine-Maritime","Rouen","Cisterciennes","1128","1790","
"
"157","Bonlieude Carbon-Blanc","https://fr.wikipedia.org/wiki/Abbaye_Notre-Dame_de_Bonlieu_de_Carbon-Blanc","44.893929767926","-0.4967132916683","Carbon-Blanc","Gironde","Bordeaux","Cisterciens","1141","1791","
"
"376","Bonlieuen Limousin","https://fr.wikipedia.org/wiki/Abbaye_de_Bonlieu_(Limousin)","46.087610152228","2.3055420092674","Peyrat-la-Nonière","Creuse","Limoges","Cisterciens","1117","1791","
"
"‍","BonlieuHaute-Savoie","https://fr.wikipedia.org/wiki/Abbaye_de_Bonlieu_(Haute-Savoie)","46.011617","5.990734","Sallenôves","Haute-Savoie","Genève","Cisterciennes","1160","1648","
"
"‍","BonlieuSarthe","https://fr.wikipedia.org/wiki/Abbaye_de_Bonlieu_(Sarthe)","47.6652","0.4733","Dissay-sous-Courcillon","Sarthe","Le Mans","Cisterciennes","1219","1791","
"
"‍","BonlieuDrôme","https://fr.wikipedia.org/wiki/Abbaye_Sainte-Anne_de_Bonlieu-sur-Roubion","44.594085637135","4.8804506217945","Bonlieu-sur-Roubion","Drôme","Valence","CisterciennesNorbertines","1179-1871","1791-?","
"
"‍","BonlieuLoire","https://fr.wikipedia.org/wiki/Abbaye_de_Bonlieu_(Loire)","45.733333000535","4.0499999999656","Sainte-Agathe-la-Bouteresse","Loire","Lyon","Cisterciennes","1199","?","
"
"268","Bonnaigue","https://fr.wikipedia.org/wiki/Abbaye_de_Bonnaigue","45.57459570036","2.3662022989661","Saint-Fréjoux","Corrèze","Limoges","Cisterciens","1143","1790","
"
"395","Bonnecombe","https://fr.wikipedia.org/wiki/Abbaye_Notre-Dame_de_Bonnecombe","44.243592","2.554333","Comps-la-Grand-Ville","Aveyron","Rodez","CisterciensTrappistes","1166-1875","1790-1965","
"
"‍","BonnecombeNotre-Dame ou Saint-Paul","https://fr.wikipedia.org/wiki/Abbaye_de_Bonnecombe_(Izeaux)","45.313557","5.444381","Saint-Paul-d'IzeauxBeaurepaire","Isère","Grenoble","Cisterciennes","1150-1667","1667-1790","
"
"119","Bonnefont","https://fr.wikipedia.org/wiki/Abbaye_de_Bonnefont","43.14134728161","0.87423110316335","Proupiary","Haute-Garonne","CommingespuisToulouse","Cisterciens","1137","1791","
"
"351","Bonnefontaine","https://fr.wikipedia.org/wiki/Abbaye_de_Bonnefontaine","49.785231353227","4.2403950929306","Blanchefosse-et-Bay","Ardennes","Reims","Cisterciens","1154","1791","
"
"367","Bonneval","https://fr.wikipedia.org/wiki/Abbaye_Notre-Dame_de_Bonneval","44.562720621417","2.7936965814506","Le Cayrol","Aveyron","Rodez","CisterciensTrappistines","1147-1875","1790- ?","
"
"026","BonnevauxPoitou","https://fr.wikipedia.org/wiki/Abbaye_de_Bonnevaux_(Poitou)","46.484530829698","0.23093150315836","Marçay","Vienne","Poitiers","Cisterciens","1124","1791","
"
"009","BonnevauxDauphiné","https://fr.wikipedia.org/wiki/Abbaye_de_Bonnevaux","45.456423989427","5.1551661743756","Villeneuve-de-Marc","Isère","Vienne","Cisterciens","1124","1791","
"
"498","Bonport","https://fr.wikipedia.org/wiki/Abbaye_Notre-Dame_de_Bonport","49.306088937641","1.1344999502793","Pont-de-l'Arche","Eure[19]","‍ Évreux","Cisterciens","1191","1791","
"
"‍","Bons","https://fr.wikipedia.org/w/index.php?title=Abbaye_de_Bons&action=edit&redlink=1","","","Chazey-Bons","Ain","Belley","Cisterciennes","1147","?","
"
"116","Boquen","https://fr.wikipedia.org/wiki/Abbaye_Notre-Dame_de_Boquen","48.3344","-2.45917","Plénée-Jugon","Côtes-d'Armor","Saint-Brieuc","CisterciensTrappistesSœurs de BethléemChemin Neuf","1137-1936-1973-2011","1791-1973-2011-?","
"
"383","Boschaud","https://fr.wikipedia.org/wiki/Abbaye_de_Boschaud","45.422583421418","0.73218865664595","Villars","Dordogne","Périgueux","Cisterciens","1163","1791","
"
"‍","Bouchet","https://fr.wikipedia.org/wiki/Abbaye_de_Bouchet","44.297815","4.873463","Bouchet","Drôme","Saint-Paul-Trois-Châteaux","Cisterciennes","1198","1413","
"
"309","Bouillas","https://fr.wikipedia.org/wiki/Abbaye_de_Bouillas","43.8828","0.579722","Pauilhac","Gers","Auch","Cisterciens","1125","1791","
"
"303","Boulancourt","https://fr.wikipedia.org/wiki/Abbaye_de_Boulancourt","48.455884941755","4.6464094455598","Longeville-sur-la-Laines","Haute-Marne","Troyes","Cisterciens","1141","1791","
"
"‍","Boulaur","https://fr.wikipedia.org/wiki/Abbaye_de_Boulaur","43.541050184686","0.77536284028579","Boulaur","Gers[20]","Auch","Cisterciennes","1140-1949","1904-?","
"
"315","Boulbonne","https://fr.wikipedia.org/wiki/Abbaye_de_Boulbonne","43.224868762257","1.6855170478577","MazèresCintegabelle","Ariège","Mirepoix","Cisterciens","1150-1700","1567-1790","
"
"010","Bourrasou Bouras","https://fr.wikipedia.org/wiki/Abbaye_de_Bourras","47.29573480492","3.2973884031908","Saint-Malo-en-Donziois","Nièvre","Auxerre","Cisterciens","1119","1791","
"
"‍","Bournet","https://fr.wikipedia.org/wiki/Abbaye_Notre-Dame-de-l%27Assomption_du_Bournet","45.412589","0.07523","Courgeac","Charente","Angoulême","Cisterciens","1125","?","
"
"","‍ La Bourdillière","https://fr.wikipedia.org/wiki/Abbaye_de_la_Bourdilli%C3%A8re","47.186278","1.086608","Genillé","Indre-et-Loire","Tours","Cisterciennes","1662","1770","
"
"‍","‍ La Brayelleou Braille-en-Artois","https://fr.wikipedia.org/wiki/Abbaye_de_la_Brayelle","50.458689","2.863356","Annay","Pas-de-Calais","Arras","Cisterciennes","1196","1790","
"
"260","Breuil-Benoît","https://fr.wikipedia.org/wiki/Abbaye_du_Breuil-Beno%C3%AEt","48.808889","1.354722","Marcilly-sur-Eure","Eure","‍ Évreux","Cisterciens","1147","1791","
"
"‍","Bricquebec","https://fr.wikipedia.org/wiki/Abbaye_Notre-Dame-de-Gr%C3%A2ce_de_Bricquebec","49.469471405855","-1.6177939863058","Bricquebec","Manche[21]","Coutances","Trappistes","1824","?","
"
"041","Bussière","https://fr.wikipedia.org/wiki/Abbaye_de_la_Bussi%C3%A8re","47.216251055574","4.7204671956332","La Bussière-sur-Ouche","Côte-d'Or","Autun","Cisterciens","1131","1791","
"
"‍","Bussièresles-Nonains","https://fr.wikipedia.org/wiki/Abbaye_de_Bussi%C3%A8res-les-Nonains","46.523094","2.51316","Saint-Désiré","Allier","Moulins","Cisterciennes","?-1188","1188-1625","
"
"086","Buzay","https://fr.wikipedia.org/wiki/Abbaye_de_Buzay","47.206826647332","-1.8256833462515","Rouans","Loire-Atlantique","Nantes","Cisterciens","1135","1791","
"
"011","Cadouin","https://fr.wikipedia.org/wiki/Abbaye_de_Cadouin","44.811450287817","0.87378125847864","Le Buisson-de-Cadouin","Dordogne","Sarlat","Cisterciens","1115","?","
"
"293","Calers","https://fr.wikipedia.org/wiki/Abbaye_de_Calers","43.259841537296","1.4744858099672","Gaillac-Toulza","Haute-Garonne","Rieux","Cisterciens","1148","1790","
"
"‍","CampénéacLa Joie Notre-Dame","https://fr.wikipedia.org/wiki/Abbaye_de_la_Joie_Notre-Dame","47.978747996661","-2.3075983588993","Campénéac","Morbihan","Vannes","Trappistines","1953","?","
"
"336","Candeilou La Bessière","https://fr.wikipedia.org/wiki/Abbaye_Notre-Dame_de_Candeil","43.799294945991","1.9805392006957","Labessière-Candeil","Tarn","Albi","Cisterciens","1152","1791","
"
"449","CarnoëtNotre-DamepuisSaint-Maurice","https://fr.wikipedia.org/wiki/Abbaye_Saint-Maurice_de_Carno%C3%ABt","47.801697672123","-3.5257488427141","Clohars-Carnoët","Finistère","Quimper","Cisterciens","1152","1791","
"
"‍","Carpentras","https://fr.wikipedia.org/w/index.php?title=Abbaye_Sainte_Marie-Madeleine_de_Carpentras&action=edit&redlink=1","","","Carpentras","Vaucluse","Carpentras","Cisterciennes","1354-1896","?-1960","
"
"‍","Castagniers","https://fr.wikipedia.org/wiki/Abbaye_Notre-Dame-de-la-Paix_de_Castagniers","43.801225632274","7.2320520678535","Castagniers","Alpes-Maritimes[22]","Nice","Cisterciennes","1865","?","
"
"‍","CastelasPorquerolles","https://fr.wikipedia.org/wiki/Abbaye_du_Castelas","43.040477","6.480253","Hyères","Var","Toulon","CisterciensAugustinsSaccites","1150-1169-12??","116?-12??-1268","
"
"‍","Celle-en-Berry ?Selles-sur-Cher","https://fr.wikipedia.org/wiki/Abbatiale_Notre-Dame-la-Blanche_de_Selles-sur-Cher","47.275167","1.554032","Selles-sur-Cher","Cher","Bourges","Feuillants","?","?","
"
"161","Cercampou Cercamps","https://fr.wikipedia.org/wiki/Abbaye_Notre-Dame_de_Cercamp","50.269542325013","2.3011400579391","Frévent","Pas-de-Calais","Amiens","Cisterciens","1141","1791","
"
"462","Cercanceaux","https://fr.wikipedia.org/wiki/Abbaye_de_Cercanceaux","48.163199431376","2.751042112761","Souppes-sur-Loing","Seine-et-Marne","Sens","Cisterciens","1191","1790","
"
"108","Chaalis","https://fr.wikipedia.org/wiki/Abbaye_de_Chaalis","49.147411905159","2.6864045607789","Fontaine-Chaalis","Oise","Senlis","Cisterciens","1137","1790","
"
"128","Chalivoy","https://fr.wikipedia.org/wiki/Abbaye_de_Chalivoy","47.234405671607","2.9290142213939","Herry","Cher","Bourges","Cisterciens","1138","1791","
"
"242","Chalochéou Challoché","https://fr.wikipedia.org/wiki/Abbaye_de_Chaloch%C3%A9","47.553454653882","-0.31989781977759","Chaumont-d'AnjouCorzé","Maine-et-Loire","Angers","Cisterciens","1147","1791","
"
"‍","Chambarand","https://fr.wikipedia.org/wiki/Abbaye_de_Chambarand","45.219015265875","5.2531439504172","Roybon","Isère[23]","Grenoble","TrappistesTrappistines","1868-1931","1903-?","
"
"339","‍ Les Chambons","https://fr.wikipedia.org/wiki/Abbaye_des_Chambons","44.630443127877","4.0529052015234","Borne","‍ Ardèche","Viviers","Cisterciens","1152","1791","
"
"484","Champagne","https://fr.wikipedia.org/wiki/Abbaye_de_Champagne","48.138723083862","-0.085238171551978","Rouez","Sarthe[24]","Le Mans","Cisterciens","1188","1791","
"
"‍","‍ Les Champsou Saint-Antoine","https://fr.wikipedia.org/wiki/Abbaye_Saint-Antoine-des-Champs","48.849351","2.382713","Paris XIIe","Paris","Paris","Cisterciennes","1206","1790","
"
"073","Charité","https://fr.wikipedia.org/w/index.php?title=Abbaye_Noter-Dame_de_la_Charit%C3%A9&action=edit&redlink=1","47.518124679328","5.9360753554707","Neuvelle-lès-la-Charité","Haute-Saône","Besançon","Cisterciens","1133","1791","
"
"717","CharitéLès-Lézines","https://fr.wikipedia.org/wiki/Abbaye_de_la_Charit%C3%A9-l%C3%A8s-L%C3%A9zines","47.79650311312","4.0958255211856","Lézinnes","Yonne","Langres","CisterciennesCisterciens","1184-1432","1432-1791","
"
"396","Charmoye","https://fr.wikipedia.org/wiki/Abbaye_de_la_Charmoye","48.928947802804","3.8463123281395","Montmort-Lucy","Marne","Châlons-en-Champagne","Cisterciens","1167","1791","
"
"500","Charonou Charronou Grâce-Notre-Dame","https://fr.wikipedia.org/wiki/Abbaye_de_Charon","46.286544679246","-1.1019199845938","Charron","Charente-Maritime","La Rochelle","Cisterciens","1191","1791","
"
"374","Chassagne","https://fr.wikipedia.org/wiki/Abbaye_de_Chassagne","45.966869249444","5.1821714689836","Crans","Ain","Lyon","Cisterciens","1162","1791","
"
"382","‍ Les Châtelliers","https://fr.wikipedia.org/wiki/Abbaye_des_Ch%C3%A2telliers","46.488414914317","-0.1314171298669","FomperronChantecorps","Deux-Sèvres[25]","Poitiers","Cisterciens","1119","1791","
"
"344","Chatillonou Chastillon","https://fr.wikipedia.org/wiki/Abbaye_de_Chatillon","49.382605907827","5.5837458509179","Pillon","Meuse","Verdun","Cisterciens","1142","1791","
"
"400","‍ Les Chaumes","https://fr.wikipedia.org/wiki/Abbaye_Saint-L%C3%A9onard_des_Chaumes","46.169926137691","-1.0729923143807","Dompierre-sur-Mer","Charente-Maritime","La Rochelle","Cisterciens","1036","1791","
"
"122","Cheminon","https://fr.wikipedia.org/wiki/Abbaye_de_Cheminon","48.740047467402","4.9041295304685","Cheminon","Marne","Châlons-en-Champagne","Cisterciens","1138","1791","
"
"044","Cherlieu","https://fr.wikipedia.org/wiki/Abbaye_de_Cherlieu","47.781451786526","5.8251464810998","Montigny-lès-Cherlieu","Haute-Saône","Besançon","Cisterciens","1131","1791","
"
"270","Chéhéryou Chéryou Chéery","https://fr.wikipedia.org/wiki/Abbaye_de_Ch%C3%A9h%C3%A9ry","49.289155020451","4.9714522483421","Chatel-Chéhéry","Ardennes","Reims","Cisterciens","1147","1791","
"
"149","Chézeryou Cheseryou Mont-Sainte-Marie","https://fr.wikipedia.org/wiki/Abbaye_de_Ch%C3%A9zery","46.221667","5.866389","Chézery-Forens","Ain","BelleypuisGenèvepuisAnnecy","Cisterciens","1140","1791","
"
"001","Cîteaux","https://fr.wikipedia.org/wiki/Abbaye_de_C%C3%AEteaux","47.127363930519","5.0934771592096","Saint-Nicolas-lès-Cîteaux","Côte-d'Or","ChalonpuisDijon","CisterciensTrappistes","1098-1898","1797-?","
"
"056","Clairefontaineen Franche-Comté","https://fr.wikipedia.org/wiki/Abbaye_de_Clairefontaine_(Franche-Comt%C3%A9)","47.857231385227","6.0833536462886","Polaincourt-et-Clairefontaine","Haute-Saône","Besançon","Cisterciens","1132","1791","
"
"‍","‍ Les Clairets","https://fr.wikipedia.org/w/index.php?title=Abbaye_Notre-Dame_des_Clairets&action=edit&redlink=1","48.272315","0.785951","Mâle","Orne","Chartres","Cisterciennes","1204","1791","
"
"323","Clairlieu","https://fr.wikipedia.org/wiki/Abbaye_de_Clairlieu","48.659558907189","6.1166189854519","Villers-lès-Nancy","Meurthe-et-Moselle[26]","Nancy","Cisterciens","1151","1791","
"
"145","ClairmaraisPas-de-Calais","https://fr.wikipedia.org/wiki/Abbaye_de_Clairmarais","50.768785393412","2.3054006935119","Clairmarais","Pas-de-Calais","Saint-Omer","Cisterciens","1140","1791&#xA0;?","
"
"334","Clermontou Clairmont","https://fr.wikipedia.org/wiki/Abbaye_de_Clermont","48.098003663055","-0.93365555153726","Olivet","Mayenne","Le Mans","Cisterciens","1132","1794","
"
"004","Clairvaux","https://fr.wikipedia.org/wiki/Abbaye_de_Clairvaux","48.146615243852","4.7894978528271","Ville-sous-la-Ferté","Aube","Langres","Cisterciens","1115","1791","
"
"312","‍ La Clarté-Dieud'Eaunes","https://fr.wikipedia.org/wiki/Abbaye_de_La_Clart%C3%A9-Dieu_(Eaunes)","43.418766589099","1.3536949770147","Eaunes","Haute-Garonne","Toulouse","Cisterciens","1150","1790","
"
"633","‍ La Clarté-DieuTouraine","https://fr.wikipedia.org/wiki/Abbaye_de_la_Clart%C3%A9-Dieu_(Saint-Paterne)","47.60129623856","0.45651190444562","Saint-Paterne-Racan","Indre-et-Loire[27]","Tours","Cisterciens","1239","1790","
"
"‍","‍ Clavas","https://fr.wikipedia.org/wiki/Abbaye_de_Clavas","5.2219804127281","4.4690470796329","Riotord","Haute-Loire","Le Puy","Cisterciennes","1259","1764","
"
"171","Coatmalouenou Coëtmaloënou Koad Malouen","https://fr.wikipedia.org/wiki/Abbaye_Notre-Dame_de_Coatmalouen","48.376876185935","-3.1274495832294","Saint-Gilles-Pligeaux","Finistère","Quimper","Cisterciens","1142","1792","
"
"218","‍ La Colombe","https://fr.wikipedia.org/wiki/Abbaye_de_La_Colombe","46.435513","1.217614","Tilly","Indre","Limoges","Cisterciens","1146","1791","
"
"‍","Corcelles","https://fr.wikipedia.org/wiki/Abbaye_de_Corcelles","47.226477","5.810595","Corcelles-Ferrières","Doubs","Besançon","Cisterciens","1150","1609","
"
"‍","‍ La Coudreou Laval","https://fr.wikipedia.org/wiki/Abbaye_Notre-Dame_de_la_Coudre","48.05848660441","-0.7742461190165","Laval","Mayenne[28]","Laval","Trappistines","1818","?","
"
"008","‍ La Cour-Dieu","https://fr.wikipedia.org/wiki/Abbaye_de_la_Cour-Dieu","48.005881579815","2.1974221524964","Ingrannes","Loiret","Orléans","Cisterciens","1119","1791","
"
"017","‍ La Crêteou la Creste","https://fr.wikipedia.org/wiki/Abbaye_de_la_Cr%C3%AAte","48.207604960152","5.3184638645775","Bourdons-sur-Rognon","Haute-Marne","Langres","Cisterciens","1121","1791","
"
"‍","Cuxa","https://fr.wikipedia.org/wiki/Abbaye_Saint-Michel_de_Cuxa","42.59484","2.417153","Codalet","Pyrénées-Orientales","Perpignan","BénédictinsCisterciensBénédictins","879-1919-1965","1793-1965-?","
"
"375","Dalon","https://fr.wikipedia.org/wiki/Abbaye_de_Dalon","45.273363957896","1.2255082178587","Sainte-Trie","Dordogne","Limoges","Cisterciens","1162","1791","
"
"‍","Désert","https://fr.wikipedia.org/wiki/Abbaye_Sainte-Marie_du_D%C3%A9sert","43.693146721939","1.115774662809","Bellegarde-Sainte-Marie","Haute-Garonne[29]","Toulouse","Trappistes","1852","?","
"
"‍","Divielle","https://fr.wikipedia.org/wiki/Abbaye_de_Divielle","43.739167","-0.924444","Goos","Landes","Dax","CisterciensBénédictinsPrémontrésTrappistes","1132-1209-?-1869","1209-?-1791-1932","
"
"‍","Dombes","https://fr.wikipedia.org/wiki/Abbaye_Notre-Dame-des-Dombes","46.0244","5.0878","Le Plantay","Ain","Belley","TrappistesChemin Neuf","1863-2001","2001-?","
"
"‍","Droiteval","https://fr.wikipedia.org/wiki/Abbaye_de_Droiteval","48.042686204518","6.0389071852008","Claudon","Vosges","ToulpuisSaint-Dié","CisterciennesCisterciens","1128-1450","1450-1790","
"
"‍","‍ L'Eau","https://fr.wikipedia.org/wiki/Abbaye_Notre-Dame_de_l%27Eau","48.391767","1.478457","Ver-lès-Chartres","Eure-et-Loir","Chartres","Cisterciennes","1226","1792","
"
"046","Écharlis","https://fr.wikipedia.org/wiki/Abbaye_des_%C3%89charlis","47.949032777887","3.1442517539359","Villefranche","Yonne","Sens","Cisterciens","1131","1791","
"
"‍","‍ Échourgnac","https://fr.wikipedia.org/wiki/Abbaye_Notre-Dame_de_Bonne-Esp%C3%A9rance_d%27%C3%89chourgnac","45.128218648112","0.21334136509884","Échourgnac","Dordogne[30]","Périgueux","CisterciensTrappistines","1868-1923","1911-?","
"
"‍","‍ L'Éclache","https://fr.wikipedia.org/wiki/Abbaye_de_l%27%C3%89clache","45.749641978807","2.6919486759866","Prondines","Puy-de-Dôme","Clermont","Cisterciennes","1150","1664","
"
"196","‍ Écureyou Escurey","https://fr.wikipedia.org/wiki/Abbaye_d%27%C3%89curey","48.558249992696","5.2692741673172","Montiers-sur-Saulx","Meuse","Toul","Cisterciens","1144","1791","
"
"286","‍ Élan","https://fr.wikipedia.org/wiki/Abbaye_d%27%C3%89lan","49.66338452281","4.7562951595771","‍ Élan","Ardennes","Reims","Cisterciens","1148","1791","
"
"999","‍ Épagne","https://fr.wikipedia.org/wiki/Abbaye_d%27%C3%89pagne","50.070627","1.875094","‍ Épagne-ÉpagnetteAbbeville (1642)","Somme","Amiens","Cisterciennes","1178","1745","
"
"602","‍ Épauou de la Piété-Dieu","https://fr.wikipedia.org/wiki/Abbaye_de_l%27%C3%89pau","47.991134563714","0.24209019694138","Le Mans","Sarthe","Le Mans","Cisterciens","1229","1790","
"
"117","Escaladieu","https://fr.wikipedia.org/wiki/Abbaye_de_l%27Escaladieu","43.110035897907","0.26023868816813","Bonnemazon","Hautes-Pyrénées","Tarbes","Cisterciens","1137","1790","
"
"201","‍ L'Estrée","https://fr.wikipedia.org/wiki/Abbaye_de_l%27Estr%C3%A9e","48.766974901435","1.3050844311429","Muzy","Eure","‍ Évreux","Cisterciens","1145","1684","
"
"‍","‍ L'Étancheou Estanche","https://fr.wikipedia.org/wiki/Abbaye_Notre-Dame_de_l%27%C3%89tanche","48.342698","5.747919","Rollainville","Vosges","Toul","Cisterciennes","1146","?","
"
"210","‍ L'Étoile","https://fr.wikipedia.org/wiki/Abbaye_de_l%27%C3%89toile","46.653756370222","0.70307250902886","Archigny","Vienne[31]","Poitiers","Cisterciens","1145","1791","
"
"‍","Fabasou Lum-Dieu","https://fr.wikipedia.org/wiki/Abbaye_de_Fabas","43.313555","0.878035","Fabas","Haute-Garonne","Comminges","Cisterciennes","1150","1791","
"
"275","‍ La Faise","https://fr.wikipedia.org/wiki/Abbaye_Notre-Dame_de_la_Faise","44.968392962396","-0.12773763788553","Les Artigues-de-Lussac","Gironde","Bordeaux","Cisterciens","1137","1790","
"
"433","Féniersou Val-Honnette","https://fr.wikipedia.org/wiki/Abbaye_de_F%C3%A9niers","45.32364539716","2.7708933320129","Condat","Cantal","Clermont","Cisterciens","1173","1791","
"
"002","‍ La Ferté","https://fr.wikipedia.org/wiki/Abbaye_de_La_Fert%C3%A9","46.670950627318","4.8189376829066","Saint-Ambreuil","‍ Saône-et-Loire","Châlons[32]","Cisterciens","1113","1791","
"
"‍","Fervaquesou Fontsomme","https://fr.wikipedia.org/wiki/Abbaye_Notre-Dame_de_Fervaques","49.907267","3.403063","Fonsomme puis Saint-Quentin","Aisne","Noyon","Cisterciennes","1140","1790","
"
"402","‍ Les Feuillants","https://fr.wikipedia.org/wiki/Abbaye_des_Feuillants","43.35407209476","1.1399774175946","Labastide-Clermont","Haute-Garonne","RieuxpuisToulouse","CisterciensFeuillants","1169-1577","1577-1791","
"
"321","Flaran","https://fr.wikipedia.org/wiki/Abbaye_de_Flaran","43.889991392889","0.37317458439405","Valence-sur-Baïse","Gers","Auch","Cisterciens","1151","1791","
"
"‍","Flines","https://fr.wikipedia.org/wiki/Abbaye_de_Flines","50.423377800771","3.1724139000751","Flines-lez-Raches","Nord","Arras","Cisterciennes","1234","1790","
"
"018","Foigny","https://fr.wikipedia.org/wiki/Abbaye_de_Foigny","49.892152045789","3.9740896078739","La Bouteille","Aisne","Auch","Cisterciens","1121","1794","
"
"545","Fontaine-Daniel","https://fr.wikipedia.org/wiki/Abbaye_de_Fontaine-Daniel","48.277880828509","-0.67355313461478","Saint-Georges-Buttavent","Mayenne","Le Mans","Cisterciens","1204","1791","
"
"‍","Fontaine-Guérard","https://fr.wikipedia.org/wiki/Abbaye_Notre-Dame_de_Fontaine-Gu%C3%A9rard","49.350129656936","1.308826597816","Radepont","Eure","‍ Évreux","Cisterciennes","1198","1789","
"
"024","Fontainejeanou Fontaine-Jean-en-Gâtinais","https://fr.wikipedia.org/wiki/Abbaye_de_Fontainejean","47.848071388053","2.9604728597491","Saint-Maurice-sur-Aveyron","Loiret","Sens","Cisterciens","1124","1791","
"
"251","Fontaine-les-Blanches","https://fr.wikipedia.org/wiki/Abbaye_de_Fontaine-les-Blanches","47.519509924403","1.0031039411859","Autrèche","Indre-et-Loire","Tours","Cisterciens","1147","1791","
"
"012","Fontenay","https://fr.wikipedia.org/wiki/Abbaye_de_Fontenay","47.639640918176","4.3895823364658","Marmagne","Côte-d'Or[33]","Autun","Cisterciens","1119","1791","
"
"‍","Fontenelle","https://fr.wikipedia.org/wiki/Abbaye_de_Fontenelle","50.259476944748","4.3772185014023","Maing","Nord","Cambrai","Cisterciennes","1212","?","
"
"214","Fontfroide","https://fr.wikipedia.org/wiki/Abbaye_Sainte-Marie_de_Fontfroide","43.127329239195","2.8982671622284","Narbonne","Aude[34]","Narbonne","Cisterciens","1146","1791","
"
"276","Fontguilhemou Font Guilhem","https://fr.wikipedia.org/wiki/Abbaye_de_Fontguilhem","44.395658621642","-0.070702451646476","Masseilles","Gironde","Bazas","Cisterciens","1147","1791","
"
"294","Fontmorigny","https://fr.wikipedia.org/wiki/Abbaye_de_Fontmorigny","47.032030960815","2.9567264799806","Menetou-Couture","Cher[35]","Bazas","Cisterciens","1149","1791","
"
"243","Foucarmont","https://fr.wikipedia.org/wiki/Abbaye_de_Foucarmont","49.849795334345","1.5657777083857","Foucarmont","Seine-Maritime[36]","Rouen","Cisterciens","1147","1791","
"
"179","Franquevaux","https://fr.wikipedia.org/wiki/Abbaye_de_Franquevaux","43.649567","4.347836","Beauvoisin","Gard","Nîmes","Cisterciens","1147","1791","
"
"734","Freistroff","https://fr.wikipedia.org/wiki/Abbaye_de_Freistroff","49.281541298612","6.4920878548136","Freistroff","Moselle","Metz","Cisterciens","1470","1790","
"
"328","‍ La Frenade","https://fr.wikipedia.org/wiki/Abbaye_de_la_Frenade","45.65742064412","-0.37269803186707","Merpins","Charente","Saintes","Cisterciens","1151","1790","
"
"153","Froidmont","https://fr.wikipedia.org/wiki/Abbaye_de_Froidmont","49.380152618229","2.2612091378098","Hermes","Oise","Beauvais","Cisterciens","1141","1791","
"
"141","‍ Le Gard","https://fr.wikipedia.org/wiki/Abbaye_du_Gard","49.96374816805","2.1033544922441","Crouy-Saint-Pierre","Somme","Amiens","Cisterciens","1137","1790","
"
"313","‍ Garde-Dieu","https://fr.wikipedia.org/wiki/Abbaye_de_la_Garde-Dieu","44.171946265007","1.4152492031879","Mirabel","Tarn-et-Garonne","Cahors","Cisterciens","1150","1790","
"
"‍","‍ Les Gardes","https://fr.wikipedia.org/wiki/Abbaye_Notre-Dame_des_Gardes","47.153541980398","-0.73771938396725","Saint-Georges-des-Gardes","Maine-et-Loire[37]","Angers","AugustinsTrappistines","1139-1818","1791&#xA0;?-?","
"
"‍","Gémenosou Saint-Pons","https://fr.wikipedia.org/wiki/Abbaye_de_Saint-Pons_de_G%C3%A9menos","43.296956","5.633903","Gémenos","Bouches-du-Rhône[38]","Marseille","Cisterciennes","1205","1426","
"
"‍","Gomerfontaine","https://fr.wikipedia.org/w/index.php?title=Abbaye_Notre-Dame_de_Gomerfontaine&action=edit&redlink=1","50.259476944748","4.3772185014023","Trie-la-Ville","Oise","RouenpuisBeauvais","Cisterciennes","1207","1792","
"
"021","Gondonou Montastruc","https://fr.wikipedia.org/wiki/Abbaye_Notre-Dame_de_Gondon","44.517970636806","-0.53416404004848","Monbahus","Lot-et-Garonne","Agen","Cisterciens","1123","1791","
"
"245","Gouffernou Saint André","https://fr.wikipedia.org/wiki/Abbaye_de_Saint-Andr%C3%A9-de-Gouffern","49.147655802869","2.3820358322078","La Hoguette","Calvados","Séez","Cisterciens","1147","1790","
"
"665","Gourdonou Abbaye nouvelle ou de Léobard","https://fr.wikipedia.org/wiki/Abbaye_de_Gourdon","44.708530551736","1.3084038733679","Léobard","Lot","Cahors","Cisterciens","1261","1650","
"
"084","‍ La Grâce-Dieu","https://fr.wikipedia.org/wiki/Abbaye_de_la_Gr%C3%A2ce-Dieu","47.249908649721","6.3484068230492","Chaux-lès-Passavant","Doubs","Besançon","CisterciensCisterciensCisterciens","1139-1844-1927","1790-1909-2008","
"
"140","‍ La Grâce-Dieuen Aunis","https://fr.wikipedia.org/wiki/Abbaye_de_La_Gr%C3%A2ce-Dieu_(Aunis)","46.204202680562","-0.84173236082366","Benon","Charente-Maritime","La Rochelle","Cisterciens","1135","1790","
"
"‍","La Grâce-Notre-Dame","https://fr.wikipedia.org/w/index.php?title=Abbaye_de_la_Gr%C3%A2ce-Notre-Dame&action=edit&redlink=1","48.854248882572","3.5594147374627","Montmirail","Marne","Reims","Cisterciennes","?","?","
"
"203","Grandselve","https://fr.wikipedia.org/wiki/Abbaye_de_Grandselve","43.85635117089","1.1381020623867","Bouillac","Tarn-et-Garonne","Toulouse","?Cisterciens","1114-1145","1145-1791","
"
"‍","Grenoble","https://fr.wikipedia.org/wiki/Monast%C3%A8re_Sainte-C%C3%A9cile_de_Grenoble","45.1909","5.73315","Grenoble","Isère","Grenoble","Bernardines réformées","1624","1792","
"
"394","Grosbotou Grosboisou Font-Vive","https://fr.wikipedia.org/wiki/Abbaye_Notre-Dame_de_Grosbot","45.552538012726","0.39860345983249","Charras","Charente","Angoulême","?Cisterciens","1166","1791","
"
"085","Hautecombe","https://fr.wikipedia.org/wiki/Abbaye_d%27Hautecombe","45.752596070753","5.8395436562126","Saint-Pierre-de-Curtille","Savoie","Chambéry","CisterciensCisterciensBénédictinsChemin Neuf","1125-1826-1922-1992","1792-1922-1992-?","
"
"101","Hautefontaineou Haute-Fontaine","https://fr.wikipedia.org/wiki/Abbaye_de_Hautefontaine","48.641521267532","4.7867811663535","Ambrières","Marne","Châlons-sur-Marne","Cisterciens","1136","1791","
"
"146","‍ Hauteseilleou Haute-Seille","https://fr.wikipedia.org/wiki/Abbaye_de_Haute-Seille","48.589206333673","6.9265129280219","Cirey-sur-Vezouze","Meurthe-et-Moselle","Nancy","Cisterciens","1140","1791","
"
"029","Igny","https://fr.wikipedia.org/wiki/Abbaye_Notre-Dame_d%27Igny","49.210249454871","3.6854414425432","Arcis-le-Ponsart","Marne[39]","Reims","CisterciensTrappistesTrappistines","1128-1876-1929","1790-1918-?","
"
"‍","Isles","https://fr.wikipedia.org/wiki/Abbaye_des_Isles_d%27Auxerre","47.798105","3.577015","Auxerre","Yonne","Auxerre","Cisterciens","1233","1632","
"
"‍","Jassonneix","https://fr.wikipedia.org/wiki/Prieur%C3%A9_du_Jassonneix","45.551757","2.135625","Meymac","Corrèze","Tulle","Trappistines","1981","?","
"
"373","‍ Le Jau","https://fr.wikipedia.org/wiki/Abbaye_Sainte-Marie_de_Jau","42.683199208094","2.2603165067188","Mosset","Pyrénées-Orientales","Perpignan","Cisterciens","1162","1791&#xA0;?","
"
"‍","Joie","https://fr.wikipedia.org/wiki/Abbaye_de_la_Joie","47.81510199659","-3.2820233703783","Hennebont","Morbihan","Vannes","Cisterciennes","1250","1790","
"
"‍","Joie-lès-Nemoursou Joie Notre-Dameou Saussaie","https://fr.wikipedia.org/wiki/Abbaye_de_la_Joie-l%C3%A8s-Nemours","48.260413","2.694129","Saint-Pierre-lès-Nemours","Seine-et-Marne","Sens","Cisterciennes","1231","1751","
"
"‍","Notre-Dame-de-la-Joieou Sainte-Claire","https://fr.wikipedia.org/w/index.php?title=Abbaye_Notre-Dame_de_la_Joie_(Oise)&action=edit&redlink=1","49.41394","2.966768","Berneuil-sur-Aisne","Oise","Soissons","CisterciennesCisterciens","1231-?","?-1790","
"
"025","Jouy","https://fr.wikipedia.org/wiki/Abbaye_Notre-Dame_de_Jouy","48.647125262531","3.2064579633482","Chenoise","Seine-et-Marne","SenspuisMeaux","Cisterciens","1114","1791","
"
"‍","Kerlot","https://fr.wikipedia.org/wiki/Abbaye_Notre-Dame_de_Kerlot","47.959081848262","-4.1467693342442","PlomelinQuimper","Finistère","Quimper","Cisterciennes","1652-1668","1668-1792","
"
"‍","Koenigsbrückou Königsbrück","https://fr.wikipedia.org/wiki/Abbaye_de_Koenigsbr%C3%BCck","48.861156108998","8.0130180372017","Leutenheim","Bas-Rhin","Strasbourg","Cisterciennes","1140","1790","
"
"030","Lachaladeou La Chalade","https://fr.wikipedia.org/wiki/Abbaye_de_Lachalade","49.165110939526","4.9590352294133","Lachalade","Meuse[40]","VerdunpuisMeaux","Cisterciens","1128","1790","
"
"035","‍ Le Landais","https://fr.wikipedia.org/wiki/Abbaye_Notre-Dame_du_Landais","47.005414600959","1.4898192719798","Frédille","Indre[41]","Bourges","Cisterciens","1115","1791","
"
"100","Langonnet","https://fr.wikipedia.org/wiki/Abbaye_Notre-Dame_de_Langonnet","48.106153868002","-3.4321193692136","Langonnet","Morbihan","Quimper","Cisterciens","1136","1790","
"
"258","Lannoyou Briostel","https://fr.wikipedia.org/wiki/Abbaye_de_Lannoy","49.58942575132","1.9118397413314","Roy-Boissy","Oise","Beauvais","Cisterciens","1147","1791","
"
"129","Lanvaux","https://fr.wikipedia.org/wiki/Abbaye_Notre-Dame_de_Lanvaux","47.80050462858","-2.9338474537438","Brandivy","Morbihan","Vannes","Cisterciens","1138","1791","
"
"144","Larrivourou Larivour ou L'Arrivour","https://fr.wikipedia.org/wiki/Abbaye_Notre-Dame_de_Larrivour","48.276087963636","4.2568775637521","Lusigny-sur-Barse","Aube","Troyes","Cisterciens","1140","1791","
"
"‍","Lazières","https://fr.wikipedia.org/w/index.php?title=Abbaye_de_Lazi%C3%A8res&action=edit&redlink=1","44.617241","1.484869","Montamel","Lot","Cahors","Cisterciennes","1272","1791&#xA0;?","
"
"114","Léoncel","https://fr.wikipedia.org/wiki/Abbaye_de_L%C3%A9oncel","44.910842357617","5.1928860079488","Léoncel","Drôme[42]","Die","Cisterciens","1137","1790","
"
"‍","Lérins","https://fr.wikipedia.org/wiki/Abbaye_de_L%C3%A9rins","43.50600969786","7.0480415774208","Cannes","Alpes-Maritimes[43]","Fréjus-Toulon","BénédictinsCisterciens","410-1868","1788-?","
"
"‍","Leymeou Lermeou La Grâce-Dieu","https://fr.wikipedia.org/w/index.php?title=Abbaye_de_Leyme&action=edit&redlink=1","44.782510170048","1.9071916585808","Leyme","Lot","Cahors","Cisterciennes","1220","?","
"
"080","Lieu-Croissantou Les Trois Rois","https://fr.wikipedia.org/wiki/Abbaye_de_Lieu-Croissant","47.485595503134","6.5633240184673","Geney","Doubs","Besançon","Cisterciens","1134","1791","
"
"‍","Lieu-Dieu","https://fr.wikipedia.org/wiki/Abbaye_du_Lieu-Dieu","47.121833","4.871534","LeymeBeaune","Côte-d'Or","Dijon","Cisterciennes","1180-1636","1636-1790&#xA0;?","
"
"497","Lieu-Dieuen Ponthieu","https://fr.wikipedia.org/wiki/Abbaye_du_Lieu-Dieu_(Beauchamps)","50.005639764529","1.5201604463382","Beauchamps","Somme","Amiens","Cisterciens","1191","1791","
"
"‍","Petit-Lieu","https://fr.wikipedia.org/wiki/Abbaye_du_Petit-Lieu","46.31036","6.432966","Perrignier","Haute-Savoie","Genève","?Cisterciennes","1150-?","?-1538","
"
"‍","Lieu-Notre-Dameou Notre-Dame-du-Lieu","https://fr.wikipedia.org/w/index.php?title=Abbaye_du_Lieu-Notre-Dame_(Loiret)&action=edit&redlink=1","47.388170176651","1.7448080017063","Romorantin-Lanthenay","Loir-et-Cher","Orléans","Cisterciennes","1218","1791","
"
"320","Lisle-en-Barroisou l'Isle-en-Barrois","https://fr.wikipedia.org/wiki/Abbaye_de_Lisle-en-Barrois","48.895555550388","5.1261452524694","Lisle-en-Barrois","Meuse","Toul","Cisterciens","1151","1791","
"
"378","Loc-Dieu","https://fr.wikipedia.org/wiki/Abbaye_de_Loc-Dieu","44.339550275885","1.9309226631441","Martiel","Aveyron","Rodez","Cisterciens","1124","1791","
"
"051","Longpont","https://fr.wikipedia.org/wiki/Abbaye_Notre-Dame_de_Longpont","49.272541245926","3.2209335298153","Longpont","Aisne[44]","Soissons","Cisterciens","1132","1791","
"
"302","Longuayou Longué","https://fr.wikipedia.org/wiki/Abbaye_de_Longuay","47.920766161836","4.91049079528","Aubepierre-sur-Aube","Haute-Marne","Langres","BénédictinsCisterciens","1102-1150","1150-1791","
"
"255","Longvillers","https://fr.wikipedia.org/wiki/Abbaye_de_Longvillers","50.53222","1.73167","Longvilliers","Pas-de-Calais","Boulogne-sur-Mer","Cisterciennes","1135","1791&#xA0;?","
"
"298","Loosou Looz","https://fr.wikipedia.org/wiki/Abbaye_Notre-Dame_de_Loos","50.616362201054","2.9985109153235","Loos","Nord","Tournai","Cisterciens","1149","1791","
"
"033","Loroyou Lorroy ou Lorois","https://fr.wikipedia.org/wiki/Abbaye_Notre-Dame_de_Loroy","47.319641707347","2.4181805729973","Méry-ès-Bois","Cher","Bourges","Cisterciens","1129","1791","
"
"019","‍ Le Lourouxou Loroux","https://fr.wikipedia.org/wiki/Abbaye_de_Louroux","47.42151735967","0.025857862167769","Vernantes","Maine-et-Loire","Angers","Cisterciens","1121","1791","
"
"023","Lucelleou Lützel","https://fr.wikipedia.org/wiki/Abbaye_de_Lucelle","47.421113","7.245912","LucellePleigne","Haut-RhinJura","Bâle","Cisterciens","1124","1792","
"
"‍","‍ Le Lys","https://fr.wikipedia.org/wiki/Abbaye_du_Lys","48.518265521513","2.6318532226419","Dammarie-les-Lys","Seine-et-Marne","Sens","Cisterciennes","1244","1791","
"
"062","Maizières","https://fr.wikipedia.org/wiki/Abbaye_de_Maizi%C3%A8res","46.948064383767","4.8868890982662","Saint-Loup-Géanges","‍ Saône-et-Loire","Châlons","Cisterciens","1132","1790","
"
"‍","Manosque","https://fr.wikipedia.org/wiki/Couvent_des_Bernardines_de_Manosque","43.833654","5.784741","Manosque","Alpes-de-Haute-Provence","Digne","Cisterciennes","1634","1791","
"
"730","Marcilly","https://fr.wikipedia.org/wiki/Abbaye_Notre-Dame_de_Marcilly","47.54200585674","3.9389211788606","Provency","Yonne","Autun","CisterciennesCisterciens","1239-1460","1460-1791","
"
"‍","Marquetteou Bonrepos","https://fr.wikipedia.org/wiki/Abbaye_du_repos_de_Notre-Dame_de_Marquette","47.54200585674","3.9389211788606","Marquette-lez-Lille","Nord","Tournai","Cisterciennes","1226","1778&#xA0;?","
"
"‍","Maubec","https://fr.wikipedia.org/wiki/Abbaye_de_Maubec","44.5330656755","4.7667526991666","Montélimar","Drôme","Valence","Trappistines","1834","1991","
"
"‍","Maubuissonou Notre-Dame-la-Royale","https://fr.wikipedia.org/wiki/Abbaye_de_Maubuisson","49.046340970098","2.1166438670885","Saint-Ouen-l'Aumône","Val-d'Oise","RouenpuisParis","Trappistines","1236","1791","
"
"015","Mazan","https://fr.wikipedia.org/wiki/Abbaye_de_Mazan","44.728838999779","4.0886944925979","Mazan-l'Abbaye","‍ Ardèche","Viviers","Cisterciens","1120","1790","
"
"‍","Mègemont","https://fr.wikipedia.org/wiki/Abbaye_de_M%C3%A8gemont","45.497466","3.086374","Chassagne","Puy-de-Dôme","Clermont","CisterciennesCisterciens[note 3]","1206-1611","1611-1790","
"
"212","Melleray","https://fr.wikipedia.org/wiki/Abbaye_Notre-Dame_de_Melleray","47.548975","-1.377487","La Meilleraye-de-Bretagne[45]","Loire-Atlantique","Nantes","CisterciensTrappistesChemin Neuf","1145-1817-2016","1790-2016-?","
"
"327","‍ La Merci-Dieu","https://fr.wikipedia.org/wiki/Abbaye_de_la_Merci-Dieu","46.7675","0.838611","La Roche-Posay","Vienne","Poitiers","Cisterciens","1151","1791","
"
"‍","Mercoire","https://fr.wikipedia.org/wiki/Abbaye_de_Mercoire","44.62139","3.79389","Cheylard-l'Évêque","Lozère","Mende","Cisterciennes","1200","1792","
"
"‍","Micy","https://fr.wikipedia.org/wiki/Abbaye_Saint-Mesmin_de_Micy","47.881994","1.868461","Saint-Pryvé-Saint-Mesmin","Loiret","Orléans","BénédictinsFeuillantsCarmélites","508-1608-1939","1608-1790-?","
"
"047","‍ Le Miroir","https://fr.wikipedia.org/wiki/Abbaye_Notre-Dame_du_Miroir","46.528391","5.325799","Le Miroir","‍ Saône-et-Loire","Lyon","Cisterciens","1131","1791","
"
"‍","Molaise","https://fr.wikipedia.org/wiki/Abbaye_de_Molaise","46.95038","5.05114","Écuelles","‍ Saône-et-Loire","Châlons-sur-Saône","Cisterciennes","1142","1790","
"
"‍","Mollégès","https://fr.wikipedia.org/wiki/Abbaye_Notre-Dame_de_Moll%C3%A9g%C3%A8s","43.805378","4.949078","Mollégès","Bouches-du-Rhône","Arles","Cisterciennes","1208","1790","
"
"‍","Monchyou Mouchy-le-Péreux","https://fr.wikipedia.org/w/index.php?title=Abbaye_Notre-Dame_sur_Aronde_de_Monchy&action=edit&redlink=1","49.468797","2.763141","Monchy-Humières","Oise","Beauvais","Cisterciennes","1239","?","
"
"‍","Moncé","https://fr.wikipedia.org/wiki/Abbaye_de_Monc%C3%A9","47.452585","1.024152","Limeray","Indre-et-Loire","Tours","Cisterciennes","1209","1789","
"
"‍","MontSainte-Catherine","https://fr.wikipedia.org/wiki/Abbaye_Sainte-Catherine_du_Mont_(Semnoz)","45.870803","6.112523","Annecy","Haute-Savoie","GenèveAnnecy","CisterciennesBernardines réformées","1242-1622","1622-1791","
"
"194","Monthiers-en-Argonne","https://fr.wikipedia.org/wiki/Abbaye_de_Monthiers-en-Argonne","48.898584","4.877773","Possesse","Marne","Châlons-en-Champagne","Cisterciens","1155","1791","
"
"‍","Mont-des-Cats","https://fr.wikipedia.org/wiki/Abbaye_du_Mont_des_Cats","50.78501","2.66523","Godewaersvelde","Nord","CambraipuisLille","AntoninsTrappistes","1650-1826","1792-?","
"
"525","Mont-Sainte-Marie","https://fr.wikipedia.org/wiki/Abbaye_de_Mont-Sainte-Marie","46.788439","6.274716","Labergement-Sainte-Marie","Doubs","Besançon","Cisterciens","1199","1790","
"
"‍","Mont-Sion","https://fr.wikipedia.org/wiki/Abbaye_du_Mont-Sion","43.30028","5.379529","Marseille","Bouches-du-Rhône","Marseille","Cisterciennes","1242","1791","
"
"027","Montpeyroux","https://fr.wikipedia.org/wiki/Abbaye_de_Montpeyroux","45.941399","3.520028","Puy-Guillaume","Puy-de-Dôme[46]","Clermont","Cisterciens","1126","1791","
"
"‍","Montreuil-les-Damesou Montreuil-sous-Laon","https://fr.wikipedia.org/wiki/Abbaye_de_Montreuil-les-Dames","49.570178","3.602332","Laon","Aisne","Laon","Cisterciennes","1136","1792","
"
"338","Moreillesou Moreil","https://fr.wikipedia.org/wiki/Abbaye_de_Moreilles","46.418486","-1.081261","Moreilles","Vendée","La Rochelle","Cisterciens","1109","1791","
"
"345","Mores","https://fr.wikipedia.org/wiki/Abbaye_Notre-Dame_de_Mores","48.07683","4.4336","Celles-sur-Ource","Aube","Langres","Cisterciens","1109","1791","
"
"005","Morimond","https://fr.wikipedia.org/wiki/Abbaye_de_Morimond","48.057126","5.673172","Parnoy-en-Bassigny","Haute-Marne","Langres","Cisterciens","1115","1791","
"
"120","Mortemer","https://fr.wikipedia.org/wiki/Abbaye_de_Mortemer","49.369663","1.481209","Lisors","Eure[47]","Rouen","Cisterciens","1109","1791","
"
"‍","Notre-Dame-des-Neiges","https://fr.wikipedia.org/wiki/Abbaye_Notre-Dame-des-Neiges","44.600355","3.933279","Saint-Laurent-les-Bains","‍ Ardèche[48]","Viviers","Trappistes","1850","?","
"
"‍","Netlieu","https://fr.wikipedia.org/w/index.php?title=Abbaye_de_Netlieu&action=edit&redlink=1","","","Mèze","Hérault","Agde","Cisterciennes","1240","1490","
"
"040","Neubourgou Nuwenburg","https://fr.wikipedia.org/wiki/Abbaye_de_Neubourg","48.840125958614","7.682328538986","Dauendorf","Bas-Rhin","Strasbourg","Cisterciens","1128","1790","
"
"199","‍ La Noë","https://fr.wikipedia.org/wiki/Abbaye_de_la_No%C3%AB","48.995687336437","1.0451800095018","La Bonneville-sur-Iton","Eure","‍ Évreux","Cisterciens","1144","1790","
"
"106","Noirlacou La Maison-Dieu","https://fr.wikipedia.org/wiki/Abbaye_de_Noirlac","46.745239539834","2.4605456818678","Bruère-Allichamps","Cher[49]","Bourges","Cisterciens","1136","1790","
"
"‍","Nonenque","https://fr.wikipedia.org/wiki/Abbaye_de_Nonenque","43.90284","3.035292","Marnhagues-et-Latour","Aveyron","VabresRodez","CisterciennesChartreuses","1146-1927","1790-?","
"
"‍","Oelenberg","https://fr.wikipedia.org/wiki/Abbaye_Notre-Dame_d%27Oelenberg","47.746118122707","7.2133155665013","Reiningue","Haut-Rhin[50]","Strasbourg","AugustinsJésuitesTrappistes","1045-1626-1824","1626-1790- ?","
"
"‍","‍ Les Olieuxou des Olives","https://fr.wikipedia.org/w/index.php?title=Abbaye_des_Olieux&action=edit&redlink=1","43.149143","3.055097","Narbonne","Aude","Narbonne","Cisterciennes","1204","1614","
"
"200","Olivet","https://fr.wikipedia.org/wiki/Abbaye_Notre-Dame_d%27Olivet","47.277413529756","1.8031006906915","Saint-Julien-sur-Cher","Cher","Bourges","Cisterciens","1145","1791","
"
"‍","Oraison-Dieu","https://fr.wikipedia.org/w/index.php?title=Abbaye_d%27Oraison-Dieu&action=edit&redlink=1","43.426019","1.284209","Saint-Hilaire","Haute-Garonne","Toulouse","Cisterciennes","1197","?","
"
"‍","Ounans","https://fr.wikipedia.org/w/index.php?title=Abbaye_Notre-Dame_d%27Ounans&action=edit&redlink=1","47.000846","5.660917","Ounans","Jura","Besançon","Cisterciennes","1147","?","
"
"037","Ourscamp","https://fr.wikipedia.org/wiki/Abbaye_Notre-Dame_d%27Ourscamp","49.53452223739","2.972475577614","Chiry-Ourscamp","Oise","Noyon","Cisterciens","1129","1791","
"
"138","Pairis","https://fr.wikipedia.org/wiki/Abbaye_de_Pairis","48.120320475345","7.144351025725","Orbey","Haut-Rhin","BâlepuisStrasbourg","Cisterciens","1139","1792","
"
"‍","‍ La Paix-Dieuou Cabanoule","https://fr.wikipedia.org/wiki/Abbaye_Notre-Dame_de_la_Paix-Dieu","44.053103","3.967628","Anduze","Gard","Nîmes","Trappistines","1970","?","
"
"381","‍ Le Palais","https://fr.wikipedia.org/wiki/Abbaye_Notre-Dame_du_Palais","45.993869638899","1.7699804160772","Thauron","Haute-Vienne","Limoges","Cisterciens","1162","1791","
"
"‍","Penthemontou Pentemontou Panthemont ou Pantemont ","https://fr.wikipedia.org/wiki/Abbaye_de_Penthemont","49.43034","2.057801","BeauvaisParis 7e","OiseParis","BeauvaisParis","Cisterciennes","1217-1671","1671-1790","
"
"‍","Le Paraclet des Champs","https://fr.wikipedia.org/wiki/Abbaye_du_Paraclet_des_Champs","49.823626","2.393152","CottenchyAmiens (1642)","Somme","Amiens","Cisterciennes","1218","1648 / 1790","
"
"‍","Parc-aux-Dames","https://fr.wikipedia.org/w/index.php?title=Abbaye_du_Parc-aux-Dames&action=edit&redlink=1","49.222643","2.833402","Auger-Saint-Vincent","Oise","Senlis","Cisterciennes","1205","1790","
"
"330","Pérignac","https://fr.wikipedia.org/wiki/Abbaye_de_P%C3%A9rignac","49.222643","2.833402","Auger-Saint-Vincent","Lot-et-Garonne","Agen","Cisterciens","1150","14..","
"
"‍","‍ Le Perray-aux-Nonnains","https://fr.wikipedia.org/wiki/Abbaye_du_Perray-aux-Nonnains","47.523497","-0.504815","‍ Écouflant","Maine-et-Loire","Angers","BénédictinsCisterciennes","1180-1247","1247-1790","
"
"208","Perseigne","https://fr.wikipedia.org/wiki/Abbaye_de_Perseigne","48.390608887066","0.26118983536995","Neufchâtel-en-Saosnois","Sarthe","Le Mans","Cisterciens","1145","1791","
"
"‍","Petites-Roches","https://fr.wikipedia.org/w/index.php?title=Abbaye_Notre-Dame_des_Petites-Roches&action=edit&redlink=1","45.328857","5.903551","Saint-Bernard-du-Touvet","Isère","Grenoble","Bernardines","1965","2015","
"
"343","La Peyrouse","https://fr.wikipedia.org/wiki/Abbaye_de_la_Peyrouse","45.481756690175","0.86198594702175","Saint-Saud-Lacoussière","Dordogne","Périgueux","Cisterciens","1153","1793","
"
"296","‍ Les Pierres","https://fr.wikipedia.org/wiki/Abbaye_des_Pierres","46.510114776733","2.2817360045801","Sidiailles","Cher","Bourges","Cisterciens","1135","1791","
"
"158","‍ Le Pin","https://fr.wikipedia.org/wiki/Abbaye_du_Pin","46.568820777797","0.17839623430332","Béruges","Vienne","Poitiers","BénédictinsCisterciens","1120-1141","1141-1792","
"
"721","‍ La Piété-Dieu","https://fr.wikipedia.org/wiki/Abbaye_de_la_Pi%C3%A9t%C3%A9-Dieu-l%C3%A8s-Ramerupt","48.512631","4.303105","Ramerupt","Aube","Troyes","Cisterciens","1440","1791","
"
"‍","‍ La Plaine","https://fr.wikipedia.org/w/index.php?title=Abbaye_Notre-Dame_de_la_Plaine&action=edit&redlink=1","50.662303","3.031286","Saint-André-lez-Lille","Nord","Lille","Bernardines","1948","?","
"
"193","Planselveou Gimont","https://fr.wikipedia.org/wiki/Abbaye_de_Planselve","43.620279441802","0.86271256186943","Gimont","Gers","Auch","Cisterciens","1143","1791","
"
"‍","‍ Le Pont-aux-Dames (de)","https://fr.wikipedia.org/w/index.php?title=Abbaye_du_Pont-aux-Dames&action=edit&redlink=1","48.876676","2.866251","Couilly-Pont-aux-Dames","Seine-et-Marne","Meaux","Cisterciennes","1226","1790","
"
"324","Pontautou Pontault","https://fr.wikipedia.org/wiki/Abbaye_de_Pontaut","43.583612399381","-0.5163699389924","Mant","Landes","Aire","Cisterciens","1151","1791","
"
"702","Pontifroidou Pontiffroyou Pontifroy","https://fr.wikipedia.org/wiki/Abbaye_Notre-Dame_de_Pontifroid","49.12725339995","6.175276746172","Metz","Moselle","Metz","Cisterciens","1323","1740","
"
"003","Pontigny","https://fr.wikipedia.org/wiki/Abbaye_de_Pontigny","47.909538954221","3.7141032348468","Pontigny","Yonne[51]","Auxerre","Cisterciens","1114","1791","
"
"076","Pontronou Pontrond","https://fr.wikipedia.org/wiki/Abbaye_Notre-Dame_de_Pontron","47.506186","-0.947526","Le Louroux-Béconnais","Maine-et-Loire","Angers","Cisterciens","1134","1791","
"
"‍","Port-Royal des Champs","https://fr.wikipedia.org/wiki/Port-Royal_des_Champs","48.744410695752","2.0162859288714","Magny-les-Hameaux","Yvelines","Paris[52]","Cisterciennes","1204","1709","
"
"‍","Port-Royal de Paris","https://fr.wikipedia.org/wiki/Abbaye_de_Port-Royal_de_Paris","48.838555","2.338368","Paris 5e","Paris","Paris","Cisterciennes","1625","1790","
"
"‍","Port-du-Salutou le Port-Ringeard","https://fr.wikipedia.org/wiki/Abbaye_Notre-Dame-du-Port-du-Salut","47.997525158377","-0.73909251152078","Entrammes[53]","Mayenne","Laval","CisterciensTrappistes","1233-1815","1791-?","
"
"380","Prébenoît","https://fr.wikipedia.org/wiki/Abbaye_de_Pr%C3%A9beno%C3%AEt","46.342746115301","2.083752821683","Bétête","Creuse","Limoges","Cisterciens","1162","1790","
"
"213","‍ La Prée","https://fr.wikipedia.org/wiki/Abbaye_de_La_Pr%C3%A9e","46.907154675472","2.1323414874526","Ségry","Indre","Bourges","CisterciensPetits frères des Pauvres","1145-1954","1790-?","
"
"‍","‍ les Prés","https://fr.wikipedia.org/wiki/Abbaye_des_Pr%C3%A9s_de_Douai","50.376462","3.081655","Douai","Nord","Cambrai","Cisterciennes","1217","1790","
"
"‍","‍ Notre-Dame des Préslès-Troyes","https://fr.wikipedia.org/wiki/Abbaye_Notre-Dame_des_Pr%C3%A9s","48.28768","4.044928","Saint-André-les-Vergers","Aube","Troyes","Cisterciennes","1221","1790","
"
"006","Preuilly","https://fr.wikipedia.org/wiki/Abbaye_de_Preuilly","48.44623173356","3.111910356248","Égligny","Seine-et-Marne","Meaux","Cisterciens","1118","1791","
"
"649","Prières","https://fr.wikipedia.org/wiki/Abbaye_de_Pri%C3%A8res","47.52433853203","-2.4889325486602","Billiers","Morbihan","Vannes","Cisterciens","1252","1791","
"
"‍","Provinsou Mont Notre-Dameou Les Filles-Dieu","https://fr.wikipedia.org/w/index.php?title=Abbaye_Mont_Notre-Dame_l%C3%A8s_Provins&action=edit&redlink=1","48.575549","3.309988","Provins","Seine-et-Marne","Sens","Cisterciennes","1225-1399","1648-1751","
"
"066","Quincy","https://fr.wikipedia.org/wiki/Abbaye_de_Quincy","47.862578106001","4.1026512821069","Tanlay","Yonne","Langres","Cisterciens","1133","1790","
"
"‍","Ravensbergou Ravensberghe","https://fr.wikipedia.org/w/index.php?title=Abbaye_de_Ravensberg&action=edit&redlink=1","50.864095","2.296689","Merckeghem","Pas-de-Calais","ThérouannepuisSaint-Omer","Cisterciennes","1191","1792","
"
"353","‍ Île de Réou Les Châteliers","https://fr.wikipedia.org/wiki/Abbaye_Notre-Dame-de-R%C3%A9_dite_des_Ch%C3%A2teliers","46.18637437689","-1.2951735730696","La Flotte","Charente-Maritime","Poitiers","CisterciensOratoriens","1150-1626","1574-1793","
"
"163","‍ Le Reclus","https://fr.wikipedia.org/wiki/Abbaye_Notre-Dame_du_Reclus","48.838326742745","3.7244002600874","Talus-Saint-Prix","Marne","TroyespuisChâlons","Cisterciens","1142","1791","
"
"‍","‍ Le Réconfortou Saizy","https://fr.wikipedia.org/wiki/Abbaye_Notre-Dame-du-R%C3%A9confort_de_Saizy","47.344952104501","3.6705170743289","Saizy","Nièvre","Autun","Cisterciennes","1235","1792","
"
"031","Reignyou Régny ou Rigny","https://fr.wikipedia.org/wiki/Abbaye_de_Reigny","47.645761221914","3.7274820745881","Vermenton","Yonne[54]","Sens","Cisterciens","1128","1790","
"
"057","‍ Le Relecou Relecq","https://fr.wikipedia.org/wiki/Abbaye_du_Relec","48.448892276574","-3.8248957395524","Plounéour-Ménez","Finistère[55]","Léon","Cisterciens","1128","1790","
"
"‍","Rieunette","https://fr.wikipedia.org/wiki/Abbaye_Sainte-Marie_de_Rieunette","43.096553","2.401947","Ladern-sur-Lauquet","Aude[56]","Narbonne","CisterciennesCisterciennes","1162-1998","1761-?","
"
"491","‍ Le Rivet","https://fr.wikipedia.org/wiki/Abbaye_Sainte-Marie_du_Rivet","44.518202058594","-0.1649303349654","Auros","Gironde[57]","Bazas","bénédictinsCisterciensTrappistines","<abbr class=""abbr"" title=""9&#x1D49; si&#xE8;cle""><span class=""romain"">IX</span><sup style=""font?size:72%"">e</sup></abbr>&#xA0;si&#xE8;cle-1189-1938","1189-1791-?","
"
"110","‍ Les Roches","https://fr.wikipedia.org/wiki/Abbaye_des_Roches","47.467323624496","2.9210707428987","Myennes","Nièvre","Auxerre","Cisterciens","1137","1791","
"
"‍","‍ La Rodeou La Rodé","https://fr.wikipedia.org/w/index.php?title=Abbaye_de_la_Rode&action=edit&redlink=1","47.467323624496","2.9210707428987","Lempaut","Tarn","Lavaur","Cisterciens","1574","1791","
"
"061","Rosières","https://fr.wikipedia.org/wiki/Abbaye_Notre-Dame_de_Rosi%C3%A8res","46.957480810874","5.6517378837298","La Ferté","Jura","Besançon","Cisterciens","1132","1791","
"
"‍","‍ Les Rosiersou les Roziers","https://fr.wikipedia.org/wiki/Ch%C3%A2teau_des_Rosiers","49.283533","4.746436","Séchault","Ardennes","Reims","Cisterciennes","1241","?","
"
"599","Royaumont","https://fr.wikipedia.org/wiki/Abbaye_de_Royaumont","49.147655802869","2.3820358322078","Asnières-sur-Oise","Val-d'Oise[58]","Beauvais","Cisterciens","1229","1790","
"
"‍","Abbaye de Saint-Pantaléon","https://fr.wikipedia.org/wiki/Abbaye_de_Saint-Pantal%C3%A9on","48.625194","4.956415","Saint-Dizier","Haute-Marne","Châlons-en-Champagne","Cisterciennes","1227","?","
"
"‍","Saint-Justou Notre-Dame des Anges","https://fr.wikipedia.org/wiki/Abbaye_Notre-Dame-des-Anges_de_Saint-Just-de-Claix","45.070315946019","5.2728194011431","Saint-Just-de-ClaixRomans-sur-Isère","IsèreDrôme","VienneValence","Cisterciennes","1349-1600","1600-1790","
"
"440","Saint-Marcel","https://fr.wikipedia.org/wiki/Abbaye_Saint-Marcel","44.116792745721","1.4694624820303","Réalville","Tarn-et-Garonne","Cahors","Cisterciens","1175","1596","
"
"‍","Beaurepaireou Saint-Paul","https://fr.wikipedia.org/w/index.php?title=Abbaye_Saint-Paul-de-Beaurepaire&action=edit&redlink=1","","","Beaurepaire","Isère","Vienne","Cisterciennes","?","?","
"
"‍","Saint-Pierre-du-Puyou Notre-Dame-des-Plants","https://fr.wikipedia.org/w/index.php?title=Abbaye_Saint-Pierre-du-Puy&action=edit&redlink=1","","","Orange (Vaucluse)","Vaucluse","Orange","Cisterciennes","1349","1750","
"
"‍","Saint-Saëns","https://fr.wikipedia.org/w/index.php?title=Abbaye_Saint-Sa%C3%ABns&action=edit&redlink=1","49.666725","1.286521","Saint-Saëns","Seine-Maritime","Rouen","Cisterciennes","1167","?","
"
"065","Saint-Sulpice","https://fr.wikipedia.org/wiki/Abbaye_de_Saint-Sulpice","45.898035","5.583789","Thézillieu","Ain","Belley","Cisterciens","1130","1791","
"
"‍","Sainte-Acire","https://fr.wikipedia.org/wiki/Ch%C3%A2teau_de_Sainte-Assise#L'abbaye_royale_de_Saint-Acire","48.539853","2.551036","Seine-Port","Seine-et-Marne","Meaux","Cisterciens","1135","1608","
"
"‍","Sainte-Catherine en Avignon","https://fr.wikipedia.org/wiki/Abbaye_Sainte-Catherine_d%27Avignon","43.950513","4.809885","Avignon","Vaucluse","Avignon","Cisterciennes","1167","?","
"
"‍","Sainte-Croix Apt","https://fr.wikipedia.org/w/index.php?title=Abbaye_Sainte-Croix_d%27Apt&action=edit&redlink=1","43.875718","5.396002","Apt","Vaucluse","Apt","BénédictinesCisterciennes","1234-1435","1435-?","
"
"‍","Sainte-Houdou Sainte-Hoïlde ou du Val-d'Ornain","https://fr.wikipedia.org/w/index.php?title=Abbaye_Sainte-Houd&action=edit&redlink=1","48.840243","5.086277","Val-d'Ornain","Meuse","Toul","BénédictinesCisterciennes","1225","1791","
"
"‍","‍ Les Salenquesou Abondance-Dieu","https://fr.wikipedia.org/wiki/Abbaye_des_Salenques","43.119423","1.358377","Les Bordes-sur-Arize","Ariège","Pamiers","Cisterciennes","1353","1574","
"
"‍","‍ Sauve-Béniteou Séauve-Benoite","https://fr.wikipedia.org/wiki/Abbaye_de_la_Sauve-B%C3%A9nite","45.293969","4.249383","La Séauve-sur-Semène","Haute-Loire[59]","Le Puy-en-Velay","Cisterciennes","1200","1792","
"
"686","Sauvelade","https://fr.wikipedia.org/wiki/Abbaye_de_Sauvelade","43.39496","0.70653","Sauvelade","Pyrénées-Atlantiques","Lescar","Cisterciens","1127","1569","
"
"‍","‍ Le Sauvoir","https://fr.wikipedia.org/w/index.php?title=Abbaye_du_Sauvoir&action=edit&redlink=1","49.3358","3.38136","Laon","Aisne","Laon","Cisterciennes","1239","1790&#xA0;?","
"
"238","Savigny","https://fr.wikipedia.org/wiki/Abbaye_de_Savigny","48.5019","-1.0275","Savigny-le-Vieux","Manche","Avranches","Cisterciens","1147","1791&#xA0;?","
"
"398","Sellières","https://fr.wikipedia.org/wiki/Abbaye_de_Selli%C3%A8res","48.532024","3.687887","Romilly-sur-Seine","Aube","Troyes","Cisterciens","1168","1791","
"
"284","Sénanque","https://fr.wikipedia.org/wiki/Abbaye_Notre-Dame_de_S%C3%A9nanque","43.92833","5.18694","Gordes","Vaucluse[60]","Avignon","CisterciensCisterciens","1148-1926","1791-?","
"
"059","Sept-Fons","https://fr.wikipedia.org/wiki/Abbaye_de_Sept-Fons","46.545332","3.706241","Diou","Allier[61]","AutunMoulins","CisterciensTrappistes","1132-1845","1791-?","
"
"082","Signy","https://fr.wikipedia.org/wiki/Abbaye_Notre-Dame_de_Signy","49.698333","4.421111","Signy-l'Abbaye","Ardennes","Reims","Cisterciens","1135","1791","
"
"269","Silvacane","https://fr.wikipedia.org/wiki/Abbaye_de_Silvacane","43.716223","5.329729","La Roque-d'Anthéron","Bouches-du-Rhône","Aix","Cisterciens","1144","1790","
"
"177","Sturzelbronn","https://fr.wikipedia.org/wiki/Abbaye_de_Sturzelbronn","49.056236","7.584835","Sturzelbronn","Moselle","Metz","Cisterciens","1135","1791","
"
"095","Sylvanèsou Silvanès ou Salvanes ou Silvanis","https://fr.wikipedia.org/wiki/Abbaye_de_Sylvan%C3%A8s","43.83417","2.96028","Sylvanès","Aveyron[62]","Rodez","CisterciensDominicains","1136-1970","1789-?","
"
"431","Sylveréal","https://fr.wikipedia.org/wiki/Abbaye_de_Sylver%C3%A9al","43.547946","4.347409","Vauvert","Gard","Arles","Cisterciens","1173","1321","
"
"074","Tamié","https://fr.wikipedia.org/wiki/Abbaye_Notre-Dame_de_Tami%C3%A9","45.687013","6.304339","Plancherine","Savoie[63]","Chambéry","CisterciensTrappistesTrappistes","1133-1860-1881","1793-1880-?","
"
"‍","Tart","https://fr.wikipedia.org/wiki/Abbaye_Notre-Dame_de_Tart","47.18403","5.24334","Tart-l'AbbayeDijon","Côte-d'Or","LangresDijon","Cisterciennes","1200-1623","1623-1789","
"
"042","Theuleyou Tulley","https://fr.wikipedia.org/wiki/Abbaye_de_Theuley","47.541006772032","5.5208727189854","Vars","Haute-Saône","BesançonpuisLangres","Cisterciens","1131","1790&#xA0;?","
"
"097","‍ Le Thoronet","https://fr.wikipedia.org/wiki/Abbaye_du_Thoronet","47.541006772032","5.5208727189854","Le Thoronet","Var","Fréjus","Cisterciens","1160","1791","
"
"‍","Timadeuc","https://fr.wikipedia.org/wiki/Abbaye_Notre-Dame_de_Timadeuc","48.051464902291","-2.7232849606125","Bréhan","Morbihan[64]","Vannes","Trappistes","1841","?","
"
"","‍ Tourtour","https://fr.wikipedia.org/wiki/Abbaye_de_Flori%C3%A8yes","43.3454","6.2024","Tourtour","Var","Fréjus","Cisterciens","1136","","
"
"699","Torigniou Thorigny","https://fr.wikipedia.org/wiki/Abbaye_de_Torigny","49.038037496353","-0.97084739582871","Torigni-sur-Vire","Calvados","Bayeux","Cisterciens","1160","1791","
"
"265","‍ La Trappeou La Grande-Trappeou Soligny","https://fr.wikipedia.org/wiki/Abbaye_Notre-Dame_de_la_Trappe","48.637548933837","0.57356549430159","Soligny-la-Trappe","Orne[65]","Séez","Cisterciens","1841","?","
"
"‍","Le Trésor Notre-Dame","https://fr.wikipedia.org/w/index.php?title=Abbaye_du_Tr%C3%A9sor_Notre-Dame&action=edit&redlink=1","49.151808","1.636495","Bus-Saint-Rémy","Eure","Évreux","Cisterciennes","1228","?","
"
"211","Trizayou Trisayou Gué de Trizay","https://fr.wikipedia.org/wiki/Abbaye_de_Trizay","46.588889","-1.108333","Bournezeau","Vendée","Luçon","Cisterciens","1137","1790","
"
"007","Trois-Fontaines","https://fr.wikipedia.org/wiki/Abbaye_de_Trois-Fontaines","48.7175","4.948889","Heiltz-le-Maurupt","Marne","Châlons-en-Champagne","Cisterciens","1118","1790","
"
"297","Tironneauou Tyronneau","https://fr.wikipedia.org/wiki/Abbaye_de_Tironneau","48.239221","0.35047","Saint-Aignan","Sarthe[66]","Le Mans","Cisterciens","1149","1790","
"
"‍","Ubexy","https://fr.wikipedia.org/wiki/Abbaye_d%27Ubexy","48.335325311937","6.2718322464544","Ubexy","Vosges[67]","Saint-Dié","Cisterciennes","1841","2012","
"
"431","Ulmetou Aumet","https://fr.wikipedia.org/wiki/Abbaye_d%27Ulmet","43.4657","4.634532","Arles","Bouches-du-Rhône","Arles","Cisterciens","1173","1270","
"
"‍","Vaise","https://fr.wikipedia.org/wiki/Abbaye_Notre-Dame_de_la_Consolation_de_Vaise","45.768113","4.797219","Lyon IX","Rhône","Lyon","Cisterciennes","1820-1837","1834-1905","
"
"104","‍ Le Val","https://fr.wikipedia.org/wiki/Abbaye_Notre-Dame_du_Val","48.239221","0.35047","Mériel","Val-d'Oise","Paris","Cisterciens","1125","1790","
"
"‍","Val-de-Bressieuxou Laval-Bénite","https://fr.wikipedia.org/wiki/Abbaye_du_Val-de-Bressieux","45.302675","5.288993","Saint-Pierre-de-Bressieux","Isère","Vienne","Cisterciennes","1134","1635","
"
"‍","‍ Le Val des Chouesou Val-des Choux","https://fr.wikipedia.org/wiki/Abbaye_du_Val_des_Choues","47.771335563797","4.7542635078266","Essarois","Côte-d'Or[68]","Dijon","ValliscauliensCisterciens","1184-1761","1761-1790","
"
"233","‍ Le Val-Richerou Souleuvre","https://fr.wikipedia.org/wiki/Abbaye_du_Val-Richer","47.771335563797","4.7542635078266","Saint-Ouen-le-Pin","Calvados","Bayeux","ValliscauliensCisterciens","1146-1155","1155-1791","
"
"‍","Le Val-de-Vignes","https://fr.wikipedia.org/wiki/Abbaye_du_Val-des-Vignes","48.251713765248","4.6824320439879","Ailleville","Aube","Langres","Cisterciennes","1252","?","
"
"355","‍ Le Valasseou Fongueusemareou Notre-Damedu Vœu","https://fr.wikipedia.org/wiki/Abbaye_du_Valasse","49.537174597197","0.50558396154018","Gruchet-le-Valasse","Seine-Maritime","Rouen","Cisterciens","1156","1791","
"
"468","Valbenoîte","https://fr.wikipedia.org/wiki/%C3%89glise_Notre-Dame_de_Valbeno%C3%AEte","45.422021675756","4.3989179309334","Saint-Étienne","Loire","Lyon","Cisterciens","1184","1791","
"
"635","Valbonne","https://fr.wikipedia.org/wiki/Abbaye_de_Valbonne_(Argel%C3%A8s-sur-Mer)","45.422021675756","4.3989179309334","Argelès-sur-Mer","Pyrénées-Orientales","Perpignan","Cisterciens","1242","1734","
"
"483","Valcroissant","https://fr.wikipedia.org/wiki/Abbaye_de_Valcroissant","44.746184656349","5.4321240825912","Die","Drôme","Die","Cisterciens","1188","1791","
"
"606","Valence","https://fr.wikipedia.org/wiki/Abbaye_de_Valence","46.311","0.172972","Couhé","Vienne","Poitiers","Cisterciens","1230","1791","
"
"267","‍ La Valette","https://fr.wikipedia.org/wiki/Abbaye_de_la_Valette","45.234926","2.16615","Auriac","Corrèze","Tulle","Cisterciens","1147","1791","
"
"130","Valloires","https://fr.wikipedia.org/wiki/Abbaye_de_Valloires","50.348296332782","1.8192841677672","Argoules","Somme[69]","Amiens","Cisterciens","1138","1791","
"
"352","Valmagne","https://fr.wikipedia.org/wiki/Abbaye_Sainte-Marie_de_Valmagne","43.486909631652","3.5623067818404","Villeveyrac","Hérault[70]","Agde","Cisterciens","1159","1789","
"
"300","‍ La Valroyou Val-Roi ou Val-Roy","https://fr.wikipedia.org/wiki/Abbaye_de_la_Valroy","49.577783180903","4.0852675998943","Saint-Quentin-le-Petit","Ardennes","Reims","Cisterciens","1150","1790","
"
"486","Valsaintesou Boulinette","https://fr.wikipedia.org/wiki/Abbaye_Notre-Dame_de_Valsaintes","43.965056","5.608225","Simiane-la-Rotonde","Alpes-de-Haute-Provence[71]","Apt","Cisterciens","1180-1660","1425-1792","
"
"‍","Valsauve","https://fr.wikipedia.org/w/index.php?title=Abbaye_de_Valsauve&action=edit&redlink=1","44.142294","4.446169","VerfeuilBagnols-sur-Cèze","Gard","Uzès","Cisterciennes","1217-1375","1375-?","
"
"282","Varennes","https://fr.wikipedia.org/wiki/Abbaye_de_Varennes","46.585385165422","1.8670661311732","Fougerolles","Indre","Bourges","Cisterciens","1148","1791","
"
"‍","‍ La Vassin","https://fr.wikipedia.org/wiki/Abbaye_de_La_Vassin","45.439176","2.675309","Saint-Donat","Puy-de-Dôme","Clermont","Cisterciennes","1150","1792","
"
"058","Vaucelles","https://fr.wikipedia.org/wiki/Abbaye_de_Vaucelles","50.078177053696","3.2243732734343","Les Rues-des-Vignes","Nord","Cambrai","Cisterciens","1131","1790","
"
"077","Vauclair","https://fr.wikipedia.org/wiki/Abbaye_de_Vauclair","49.452671337691","3.7462247505578","Bouconville-Vauclair","Aisne","Laon","Cisterciens","1134","1790","
"
"034","Vauluisant","https://fr.wikipedia.org/wiki/Abbaye_de_Vauluisant","48.264316860156","3.5372940628395","Courgenay","Yonne[72]","Sens","Cisterciens","1129","1790","
"
"240","‍ Les Vaux-de-Cernay","https://fr.wikipedia.org/wiki/Abbaye_des_Vaux-de-Cernay","48.683959318918","1.9360062598716","Cernay-la-Ville","Yvelines[73]","Paris","SavigniensCisterciens","1118-1147","1147-1791","
"
"399","‍Les Vaux en Ornois","https://fr.wikipedia.org/wiki/Abbaye_des_Vaux_en_Ornois","48.583278156024","5.4341069902328","Saint-Joire","Meuse","Toul","Cisterciens","1133","1791","
"
"399","Vaux-la-Douceou d'Évaux","https://fr.wikipedia.org/wiki/Abbaye_de_Vaux-la-Douce","47.86207044302","5.7387775391696","Voisey","Haute-Marne","Langres","Cisterciens","1168","1791","
"
"‍","‍ Le Verger","https://fr.wikipedia.org/w/index.php?title=Abbaye_du_Verger&action=edit&redlink=1","45.439176","2.675309","Oisy-le-Verger","Pas-de-Calais","Cambrai","Cisterciennes","1228","1789","
"
"‍","Vernaison","https://fr.wikipedia.org/w/index.php?title=Abbaye_de_Vernaison&action=edit&redlink=1","45.02966009204","5.0092338991359","Châteauneuf-sur-Isère","Drôme","Valence","Cisterciennes","1167&#xA0;?","1790","
"
"‍","Vic-lès-Capdenac","https://fr.wikipedia.org/w/index.php?title=Abbaye_de_Vic-l%C3%A8s-Capdenac&action=edit&redlink=1","44.571088","2.061791","Capdenac","Lot","Cahors","Cisterciennes","1360","1791","
"
"364","‍ La Vieuvilleou Vieuxville","https://fr.wikipedia.org/wiki/Abbaye_Notre-Dame_de_la_Vieuville","48.526838843136","-1.6857584250362","Epiniac","Ille-et-Vilaine","Dol","Cisterciens","1147","1791","
"
"‍","Vignogoul","https://fr.wikipedia.org/wiki/Abbaye_de_Vignogoul","43.594691","3.776628","Pignan","Hérault[74]","Montpellier","BénédictinesCisterciennes","1130-1245","1245-1791","
"
"311","Villelongue","https://fr.wikipedia.org/wiki/Abbaye_Sainte-Marie_de_Villelongue","43.305541","2.166801","Saint-Martin-le-Vieil","Aude","Carcassonne","Cisterciens","1150","1791","
"
"536","Villeneuve","https://fr.wikipedia.org/wiki/Abbaye_de_Villeneuve","47.12297051697","-1.5348804879823","Les Sorinières","Loire-Atlantique","Nantes","Cisterciens","1201","1791","
"
"063","Villers-Bettnach","https://fr.wikipedia.org/wiki/Abbaye_de_Villers-Bettnach","49.233882419741","6.3638973026642","Saint-Hubert","Moselle[75]","Metz","Cisterciens","1201","1791","
"
"‍","Villers-Canivet","https://fr.wikipedia.org/wiki/Abbaye_de_Villers-Canivet","48.927169","-0.255894","Villers-Canivet","Calvados[76]","Séez","SavigniennesCisterciennes","1127-1147","1147-1792","
"
"‍","Villiers-aux-Nonnainsou Villiers-la-Joye ou Villiers-la-Joie","https://fr.wikipedia.org/wiki/Abbaye_de_Villiers-aux-Nonnains","48.927169","-0.255894","Cerny","Essonne","Sens","DominicainsCisterciennes","1216-1220","1220-1790","
"
"‍","‍ La Virginité","https://fr.wikipedia.org/wiki/Abbaye_de_la_Virginit%C3%A9","47.789805","0.878924","Les Roches-l'Évêque","Loir-et-Cher","Le Mans","Cisterciennes","1216-1220","1220-1791","
"
"‍","Vitry (de)ou Vitry-le-Perthois ou Vitry-le-Brûlé","https://fr.wikipedia.org/w/index.php?title=Abbaye_Saint-Jacques_de_Vitry&action=edit&redlink=1","48.736977276291","4.6220542094998","Vitry-en-Perthois","Marne","Châlons-en-Champagne","Cisterciennes","1235","1792","
"
"‍","Voisins","https://fr.wikipedia.org/w/index.php?title=Abbaye_de_Voisins&action=edit&redlink=1","47.870301929405","1.7428210984639","Saint-Ay","Loiret","Orléans","Cisterciennes","1214","1778","
"
"‍","Willencourt","https://fr.wikipedia.org/wiki/Abbaye_Notre-Dame_de_Willencourt","50.241357","2.088882","WillencourtAbbeville (1662)","Pas-de-Calais puis Somme","Amiens","Cisterciennes","1220-1652","1652-1790","
"
"‍","Woestyneou l'Oustine ou Woestine","https://fr.wikipedia.org/wiki/Abbaye_de_la_Woestyne","50.750023","2.365268","Renescure","Nord","Thérouanne","Cisterciennes","1214","1778","
"
"055","‍ Woëvreou Saint-Benoît","https://fr.wikipedia.org/wiki/Abbaye_de_Saint-Beno%C3%AEt-en-Wo%C3%ABvre","48.988013421124","5.7853333765797","Vigneulles-lès-Hattonchâtel","Meuse","Metz","Cisterciens","1128","1790","
"
