"id","name","link","x","y","gender","commune","département","diocèse"
"1","Abondance","https://fr.wikipedia.org/wiki/Abbaye_d%27Abondance","6.72028","46.28111","monks","Abondance","Haute-Savoie","Genève"
"2","Acey","https://fr.wikipedia.org/wiki/Abbaye_Notre-Dame_d%27Acey","5.656929","47.26167","monks","Vitreux[2]","Jura","Saint-Claude"
"3","Aiguebelle","https://fr.wikipedia.org/wiki/Abbaye_Notre-Dame_d%27Aiguebelle","4.842465","44.462211","monks","Montjoyer[3]","Drôme","Saint-Paul-Trois-ChâteauxValence"
"4","Almanarreou Lamanarre","https://fr.wikipedia.org/wiki/Abbaye_Saint-Pierre_de_l%27Almanarre","6.12292","43.08142","nuns","Hyères","Var","Toulon"
"5","Altbronn","https://fr.wikipedia.org/wiki/Abbaye_Notre-Dame_d%27Altbronn","7.528778","48.570066","nuns","Ergersheim[4]","Bas-Rhin","Strasbourg"
"6","Amour-Dieu","https://fr.wikipedia.org/wiki/Abbaye_de_l%27Amour-Dieu","3.69413","49.078796","nuns","Troissy","Marne","Châlons-en-Champagne"
"7","Ardorel(ou Arborel)","https://fr.wikipedia.org/wiki/Abbaye_Notre-Dame_d%27Ardorel","2.346341","43.546044","monks","Payrin-Augmontel[5]","Tarn","Castres"
"8","Argensolles","https://fr.wikipedia.org/wiki/Abbaye_d%27Argensolles","3.92583","48.96778","nuns","Moslins","Marne","Soissons"
"9","Arques","https://fr.wikipedia.org/w/index.php?title=Abbaye_Notre-Dame_et_Saint-Joseph_d%27Arques&action=edit&redlink=1","1.126897","49.88259","nuns","Arques-la-Bataille","Seine-Maritime","Rouen"
"10","Aubazine","https://fr.wikipedia.org/wiki/Abbaye_d%27Aubazine","1.669444","45.174167","mixed","Aubazines","Corrèze","Tulle"
"11","Aubepierre","https://fr.wikipedia.org/wiki/Abbaye_d%27Aubepierre","1.765993","46.393077","monks","Méasnes","Creuse","Limoges"
"12","Auberive","https://fr.wikipedia.org/wiki/Abbaye_d%27Auberive","5.06083","47.7886","monks","Auberive","Haute-Marne","Langres"
"13","Aubeterre","https://fr.wikipedia.org/w/index.php?title=Abbaye_d%27Aubeterre&action=edit&redlink=1","0.170394","45.26982","monks","Aubeterre-sur-Dronne","Charente","Périgueux"
"14","Aubignac","https://fr.wikipedia.org/wiki/Abbaye_Notre-Dame_d%27Aubignac","1.504954","46.397606","monks","Saint-Sébastien[7]","Creuse","Bourges"
"15","Aulps","https://fr.wikipedia.org/wiki/Abbaye_d%27Aulps","6.65","46.24194","monks","Saint-Jean-d'Aulps[8]","Haute-Savoie","GenèveAnnecy"
"16","Aumônedite« Le Petit-Cîteaux »","https://fr.wikipedia.org/wiki/Abbaye_de_l%27Aum%C3%B4ne","1.378483","47.873882","monks","La Colombe[9]","Loir-et-Cher","ChartresBlois"
"17","Aunayou d’Aunay-sur-Odonou d’Aulnay","https://fr.wikipedia.org/wiki/Abbaye_Notre-Dame_d%27Aunay","-0.630833","49.021111","monks","Aunay-sur-Odon","Calvados","Bayeux"
"18","Ayes","https://fr.wikipedia.org/wiki/Abbaye_des_Ayes","5.879177","45.274437","nuns","Crolles[10]","Isère","Grenoble"
"19","Balerne","https://fr.wikipedia.org/wiki/Abbaye_de_Balerne","5.907778","46.748056","monks","Mont-sur-Monnet","Jura","BesançonSaint-Claude"
"20","Barbeau","https://fr.wikipedia.org/wiki/Abbaye_de_Barbeau","2.7639","48.486","monks","Fontaine-le-Port","Seine-et-Marne","Sens"
"21","Barbery","https://fr.wikipedia.org/wiki/Abbaye_Notre-Dame_de_Barbery","-0.34694","49.02611","monks","BarberyBretteville-sur-Laize","Calvados","Bayeux"
"22","Barzelleou Barzelles","https://fr.wikipedia.org/wiki/Abbaye_Notre-Dame_de_Barzelle","1.602421","47.177568","monks","Poulaines","Indre","Bourges"
"23","Baumgarten","https://fr.wikipedia.org/wiki/Abbaye_de_Baumgarten","7.40333","48.3642","nuns","Bernardvillé","Bas-Rhin","Strasbourg"
"24","Bayonneou Saint-Bernard-de Lasteyron","https://fr.wikipedia.org/wiki/Abbaye_Saint-Bernard_de_Bayonne","-1.486406","43.506389","nuns","Bayonne","Pyrénées-Atlantiques","Dax"
"25","Beaubec","https://fr.wikipedia.org/wiki/Abbaye_Saint-Laurent_de_Beaubec","1.494703","49.642463","monks","Beaubec-la-Rosière","Seine-Maritime","Rouen"
"26","Beaugeraisou Baugerais","https://fr.wikipedia.org/wiki/Abbaye_de_Beaugerais","1.199006","47.053641","monks","Loché-sur-Indrois","Indre-et-Loire","Tours"
"27","Beaulieuou Beaulieu-en-Bassigny","https://fr.wikipedia.org/wiki/Abbaye_de_Beaulieu_(Haute-Marne)","5.567229","47.824912","monks","Haute-Amance","Haute-Marne","Langres"
"28","Beaulieu-en-Rouergueou Belloc","https://fr.wikipedia.org/wiki/Abbaye_de_Beaulieu-en-Rouergue","1.854167","44.21","monks","Ginals[11]","Tarn-et-Garonne","Rodez"
"29","Beaupréen Picardie","https://fr.wikipedia.org/wiki/Abbaye_de_Beaupr%C3%A9_(Achy)","1.96472222","49.56361111","monks","Achy","Oise","Beauvais"
"30","Beaupréen Lorraine","https://fr.wikipedia.org/wiki/Abbaye_de_Beaupr%C3%A9_(Moncel)","6.532282","48.553291","monks","Moncel-lès-Lunéville","Meurthe-et-Moselle","ToulNancy"
"31","Beaupré-sur-la-Lys","https://fr.wikipedia.org/wiki/Abbaye_Notre-Dame_de_Beaupr%C3%A9-sur-la-Lys","2.692797","50.640079","nuns","La Gorgue","Nord","Saint-Omer"
"32","Beauvoir","https://fr.wikipedia.org/wiki/Abbaye_Notre-Dame_de_Beauvoir","2.234847","47.122315","nuns","Marmagne","Cher","Bourges"
"33","Bégard","https://fr.wikipedia.org/wiki/Abbaye_de_B%C3%A9gard","-3.3","48.6303","monks","Bégard","Côtes-d'Armor[12]","Tréguier"
"34","Bellaigue","https://fr.wikipedia.org/wiki/Abbaye_Notre-Dame_de_Bellaigue","2.69806","46.1564","monks","Virlet","Puy-de-Dôme[13]","Clermont"
"35","Belleau","https://fr.wikipedia.org/wiki/Abbaye_Notre-Dame_de_Belleau","3.447783","48.781619","nuns","Villeneuve-la-Lionne","Marne","Reims"
"36","Bellebranche","https://fr.wikipedia.org/wiki/Abbaye_de_Bellebranche","-0.44028","47.87944","monks","Saint-Brice","Mayenne","Le Mans"
"37","Bellecombe","https://fr.wikipedia.org/wiki/Abbaye_Notre-Dame_de_Bellecombe","4.1585670103365","45.100994169118","nuns","Yssingeaux","Haute-Loire","Le Puy-en-Velay"
"38","Bellefontaine","https://fr.wikipedia.org/wiki/Abbaye_Notre-Dame_de_Bellefontaine","-0.93854880657094","47.151874438197","monks","Bégrolles-en-Mauges[14]","Maine-et-Loire","Angers"
"39","Belleperche","https://fr.wikipedia.org/wiki/Abbaye_de_Belleperche","1.1256062991637","43.994521547165","monks","Cordes-Tolosannes","Tarn-et-Garonne","Montauban"
"40","Bellevaux","https://fr.wikipedia.org/wiki/Abbaye_Notre-Dame_de_Bellevaux","6.1203974110093","47.404531929648","monks","Cirey","Haute-Saône","Besançon"
"41","Belmont","https://fr.wikipedia.org/wiki/Abbaye_de_Belmont","5.5487382237152","47.715443135781","nuns","Belmont","Haute-Marne","Langres"
"42","Belval","https://fr.wikipedia.org/wiki/Abbaye_de_Belval_(Troisvaux)","2.3386966138699","50.417214318641","nuns","Troisvaux","Pas-de-Calais","Arras"
"43","Bénisson-Dieu","https://fr.wikipedia.org/wiki/Abbaye_de_la_B%C3%A9nisson-Dieu","4.0456133256573","46.150991685261","nuns","La Bénisson-Dieu[15]","Loire","Lyon"
"44","Bénisson-Dieuou Nisors ou Nizors","https://fr.wikipedia.org/wiki/Abbaye_de_la_B%C3%A9nisson-Dieu_de_Boulogne-sur-Gesse","0.654026","43.267909","monks","Boulogne-sur-Gesse","Haute-Garonne","CommingesToulouse"
"45","Berdouesou Berdouès","https://fr.wikipedia.org/wiki/Abbaye_de_Berdoues","0.408822","43.480764","monks","Berdoues","Gers","Auch"
"46","Betton","https://fr.wikipedia.org/wiki/Abbaye_du_Betton","6.197766","45.540022","nuns","Betton-Bettonet[16]","Savoie","MaurienneChambéry"
"47","Biachesou Notre-Damede la Brelle","https://fr.wikipedia.org/wiki/Abbaye_Notre-Dame_de_Biaches","2.911987","49.9162","nuns","Biaches","Somme","Noyon"
"48","Billonou Buillon","https://fr.wikipedia.org/wiki/Abbaye_Notre-Dame_de_Billon","6.3675700605907","47.695404186835","monks","Chenecey-Buillon","Doubs","Besançon"
"49","Bithaine","https://fr.wikipedia.org/wiki/Abbaye_de_Bithaine","6.3675700605907","47.695404186835","monks","Adelans-et-le-Val-de-Bithaine","Haute-Saône","Besançon"
"50","Bival","https://fr.wikipedia.org/wiki/Abbaye_de_Bival","1.542639","49.703376","nuns","Nesle-Hodeng","Seine-Maritime","Rouen"
"51","‍ La Blancheou L'Isle-Dieuou Île du Pilier","https://fr.wikipedia.org/wiki/Abbaye_Notre-Dame_de_la_Blanche","-2.2705206217272","47.026548351798","monks","Noirmoutier-en-l'Île","Vendée","Luçon"
"52","Blancheou des Blanches","https://fr.wikipedia.org/wiki/Abbaye_Blanche","-0.945","48.65806","nuns","Mortain","Manche","Avranches"
"53","Blauvac","https://fr.wikipedia.org/wiki/Abbaye_Notre-Dame_de_Bon_Secours_de_Blauvac","5.1997415158667","44.021929763532","nuns","Blauvac","Vaucluse[17]","Avignon"
"54","Blendecques","https://fr.wikipedia.org/wiki/Abbaye_Sainte-Colombe_de_Blendecques","2.283412","50.717741","nuns","Blendecques","Pas-de-Calais","ThérouanneSaint-Omer"
"55","Bœuilou Beuil","https://fr.wikipedia.org/wiki/Abbaye_Notre-Dame_de_B%C5%93uil","1.060456","45.902439","monks","Veyrac","Haute-Vienne","Limoges"
"56","Bohéries","https://fr.wikipedia.org/wiki/Abbaye_de_Boh%C3%A9ries","3.5737715620237","49.918407822338","monks","Vadencourt","Aisne","Laon"
"57","‍ aux Boisou L’hermitage ouNotre-Dame aux Bois","https://fr.wikipedia.org/wiki/Abbaye-aux-Bois","2.923521","49.679543","nuns","OgnollesParis 7e","OiseParis","NoyonParis"
"58","‍ des Boisou Saint-Aubin","https://fr.wikipedia.org/wiki/Abbaye_Saint-Aubin_des_Bois","-2.3963994485204","48.491279928569","monks","Plédéliac","Côtes-d'Armor","Saint-Brieuc"
"59","Bois-Grolland","https://fr.wikipedia.org/wiki/Abbaye_Notre-Dame_de_Bois-Grolland","-1.5478661624274","46.524762923012","monks","Poiroux","Vendée","Luçon"
"60","‍ La Boissière","https://fr.wikipedia.org/wiki/Abbaye_de_la_Boissi%C3%A8re","0.12947660088471","47.5522949948","monks","Dénezé-sous-le-Lude","Maine-et-Loire","Angers"
"61","Bon-Repos","https://fr.wikipedia.org/wiki/Abbaye_Notre-Dame_de_Bon-Repos","-3.12678","48.211383","monks","Saint-Gelven[18]","Côtes-d'Armor","Quimper"
"62","Bondeville","https://fr.wikipedia.org/wiki/Abbaye_de_Bondeville","1.041715","49.494431","nuns","Notre-Dame-de-Bondeville","Seine-Maritime","Rouen"
"63","Bonlieude Carbon-Blanc","https://fr.wikipedia.org/wiki/Abbaye_Notre-Dame_de_Bonlieu_de_Carbon-Blanc","-0.4967132916683","44.893929767926","monks","Carbon-Blanc","Gironde","Bordeaux"
"64","Bonlieuen Limousin","https://fr.wikipedia.org/wiki/Abbaye_de_Bonlieu_(Limousin)","2.3055420092674","46.087610152228","monks","Peyrat-la-Nonière","Creuse","Limoges"
"65","BonlieuHaute-Savoie","https://fr.wikipedia.org/wiki/Abbaye_de_Bonlieu_(Haute-Savoie)","5.990734","46.011617","nuns","Sallenôves","Haute-Savoie","Genève"
"66","BonlieuSarthe","https://fr.wikipedia.org/wiki/Abbaye_de_Bonlieu_(Sarthe)","0.4733","47.6652","nuns","Dissay-sous-Courcillon","Sarthe","Le Mans"
"67","BonlieuDrôme","https://fr.wikipedia.org/wiki/Abbaye_Sainte-Anne_de_Bonlieu-sur-Roubion","4.8804506217945","44.594085637135","nuns","Bonlieu-sur-Roubion","Drôme","Valence"
"68","BonlieuLoire","https://fr.wikipedia.org/wiki/Abbaye_de_Bonlieu_(Loire)","4.0499999999656","45.733333000535","nuns","Sainte-Agathe-la-Bouteresse","Loire","Lyon"
"69","Bonnaigue","https://fr.wikipedia.org/wiki/Abbaye_de_Bonnaigue","2.3662022989661","45.57459570036","monks","Saint-Fréjoux","Corrèze","Limoges"
"70","Bonnecombe","https://fr.wikipedia.org/wiki/Abbaye_Notre-Dame_de_Bonnecombe","2.554333","44.243592","monks","Comps-la-Grand-Ville","Aveyron","Rodez"
"71","BonnecombeNotre-Dame ou Saint-Paul","https://fr.wikipedia.org/wiki/Abbaye_de_Bonnecombe_(Izeaux)","5.444381","45.313557","nuns","Saint-Paul-d'IzeauxBeaurepaire","Isère","Grenoble"
"72","Bonnefont","https://fr.wikipedia.org/wiki/Abbaye_de_Bonnefont","0.87423110316335","43.14134728161","monks","Proupiary","Haute-Garonne","CommingesToulouse"
"73","Bonnefontaine","https://fr.wikipedia.org/wiki/Abbaye_de_Bonnefontaine","4.2403950929306","49.785231353227","monks","Blanchefosse-et-Bay","Ardennes","Reims"
"74","Bonneval","https://fr.wikipedia.org/wiki/Abbaye_Notre-Dame_de_Bonneval","2.7936965814506","44.562720621417","nuns","Le Cayrol","Aveyron","Rodez"
"75","BonnevauxPoitou","https://fr.wikipedia.org/wiki/Abbaye_de_Bonnevaux_(Poitou)","0.23093150315836","46.484530829698","monks","Marçay","Vienne","Poitiers"
"76","BonnevauxDauphiné","https://fr.wikipedia.org/wiki/Abbaye_de_Bonnevaux","5.1551661743756","45.456423989427","monks","Villeneuve-de-Marc","Isère","Vienne"
"77","Bonport","https://fr.wikipedia.org/wiki/Abbaye_Notre-Dame_de_Bonport","1.1344999502793","49.306088937641","monks","Pont-de-l'Arche","Eure[19]","Évreux"
"78","Bons","https://fr.wikipedia.org/w/index.php?title=Abbaye_de_Bons&action=edit&redlink=1","","","nuns","Chazey-Bons","Ain","Belley"
"79","Boquen","https://fr.wikipedia.org/wiki/Abbaye_Notre-Dame_de_Boquen","-2.45917","48.3344","monks","Plénée-Jugon","Côtes-d'Armor","Saint-Brieuc"
"80","Boschaud","https://fr.wikipedia.org/wiki/Abbaye_de_Boschaud","0.73218865664595","45.422583421418","monks","Villars","Dordogne","Périgueux"
"81","Bouchet","https://fr.wikipedia.org/wiki/Abbaye_de_Bouchet","4.873463","44.297815","nuns","Bouchet","Drôme","Saint-Paul-Trois-Châteaux"
"82","Bouillas","https://fr.wikipedia.org/wiki/Abbaye_de_Bouillas","0.579722","43.8828","monks","Pauilhac","Gers","Auch"
"83","Boulancourt","https://fr.wikipedia.org/wiki/Abbaye_de_Boulancourt","4.6464094455598","48.455884941755","monks","Longeville-sur-la-Laines","Haute-Marne","Troyes"
"84","Boulaur","https://fr.wikipedia.org/wiki/Abbaye_de_Boulaur","0.77536284028579","43.541050184686","nuns","Boulaur","Gers[20]","Auch"
"85","Boulbonne","https://fr.wikipedia.org/wiki/Abbaye_de_Boulbonne","1.6855170478577","43.224868762257","monks","MazèresCintegabelle","Ariège","Mirepoix"
"86","Bourrasou Bouras","https://fr.wikipedia.org/wiki/Abbaye_de_Bourras","3.2973884031908","47.29573480492","monks","Saint-Malo-en-Donziois","Nièvre","Auxerre"
"87","Bournet","https://fr.wikipedia.org/wiki/Abbaye_Notre-Dame-de-l%27Assomption_du_Bournet","0.07523","45.412589","monks","Courgeac","Charente","Angoulême"
"88","‍ La Bourdillière","https://fr.wikipedia.org/wiki/Abbaye_de_la_Bourdilli%C3%A8re","1.086608","47.186278","nuns","Genillé","Indre-et-Loire","Tours"
"89","‍ La Brayelleou Braille-en-Artois","https://fr.wikipedia.org/wiki/Abbaye_de_la_Brayelle","2.863356","50.458689","nuns","Annay","Pas-de-Calais","Arras"
"90","Breuil-Benoît","https://fr.wikipedia.org/wiki/Abbaye_du_Breuil-Beno%C3%AEt","1.354722","48.808889","monks","Marcilly-sur-Eure","Eure","Évreux"
"91","Bricquebec","https://fr.wikipedia.org/wiki/Abbaye_Notre-Dame-de-Gr%C3%A2ce_de_Bricquebec","-1.6177939863058","49.469471405855","monks","Bricquebec","Manche[21]","Coutances"
"92","Bussière","https://fr.wikipedia.org/wiki/Abbaye_de_la_Bussi%C3%A8re","4.7204671956332","47.216251055574","monks","La Bussière-sur-Ouche","Côte-d'Or","Autun"
"93","Bussièresles-Nonains","https://fr.wikipedia.org/wiki/Abbaye_de_Bussi%C3%A8res-les-Nonains","2.51316","46.523094","monks","Saint-Désiré","Allier","Moulins"
"94","Buzay","https://fr.wikipedia.org/wiki/Abbaye_de_Buzay","-1.8256833462515","47.206826647332","monks","Rouans","Loire-Atlantique","Nantes"
"95","Cadouin","https://fr.wikipedia.org/wiki/Abbaye_de_Cadouin","0.87378125847864","44.811450287817","monks","Le Buisson-de-Cadouin","Dordogne","Sarlat"
"96","Calers","https://fr.wikipedia.org/wiki/Abbaye_de_Calers","1.4744858099672","43.259841537296","monks","Gaillac-Toulza","Haute-Garonne","Rieux"
"97","CampénéacLa Joie Notre-Dame","https://fr.wikipedia.org/wiki/Abbaye_de_la_Joie_Notre-Dame","-2.3075983588993","47.978747996661","nuns","Campénéac","Morbihan","Vannes"
"98","Candeilou La Bessière","https://fr.wikipedia.org/wiki/Abbaye_Notre-Dame_de_Candeil","1.9805392006957","43.799294945991","monks","Labessière-Candeil","Tarn","Albi"
"99","CarnoëtNotre-DamepuisSaint-Maurice","https://fr.wikipedia.org/wiki/Abbaye_Saint-Maurice_de_Carno%C3%ABt","-3.5257488427141","47.801697672123","monks","Clohars-Carnoët","Finistère","Quimper"
"100","Carpentras","https://fr.wikipedia.org/w/index.php?title=Abbaye_Sainte_Marie-Madeleine_de_Carpentras&action=edit&redlink=1","","","nuns","Carpentras","Vaucluse","Carpentras"
"101","Castagniers","https://fr.wikipedia.org/wiki/Abbaye_Notre-Dame-de-la-Paix_de_Castagniers","7.2320520678535","43.801225632274","nuns","Castagniers","Alpes-Maritimes[22]","Nice"
"102","CastelasPorquerolles","https://fr.wikipedia.org/wiki/Abbaye_du_Castelas","6.480253","43.040477","monks","Hyères","Var","Toulon"
"103","Celle-en-Berry ?Selles-sur-Cher","https://fr.wikipedia.org/wiki/Abbatiale_Notre-Dame-la-Blanche_de_Selles-sur-Cher","1.554032","47.275167","monks","Selles-sur-Cher","Cher","Bourges"
"104","Cercampou Cercamps","https://fr.wikipedia.org/wiki/Abbaye_Notre-Dame_de_Cercamp","2.3011400579391","50.269542325013","monks","Frévent","Pas-de-Calais","Amiens"
"105","Cercanceaux","https://fr.wikipedia.org/wiki/Abbaye_de_Cercanceaux","2.751042112761","48.163199431376","monks","Souppes-sur-Loing","Seine-et-Marne","Sens"
"106","Chaalis","https://fr.wikipedia.org/wiki/Abbaye_de_Chaalis","2.6864045607789","49.147411905159","monks","Fontaine-Chaalis","Oise","Senlis"
"107","Chalivoy","https://fr.wikipedia.org/wiki/Abbaye_de_Chalivoy","2.9290142213939","47.234405671607","monks","Herry","Cher","Bourges"
"108","Chalochéou Challoché","https://fr.wikipedia.org/wiki/Abbaye_de_Chaloch%C3%A9","-0.31989781977759","47.553454653882","monks","Chaumont-d'AnjouCorzé","Maine-et-Loire","Angers"
"109","Chambarand","https://fr.wikipedia.org/wiki/Abbaye_de_Chambarand","5.2531439504172","45.219015265875","nuns","Roybon","Isère[23]","Grenoble"
"110","‍ Les Chambons","https://fr.wikipedia.org/wiki/Abbaye_des_Chambons","4.0529052015234","44.630443127877","monks","Borne","Ardèche","Viviers"
"111","Champagne","https://fr.wikipedia.org/wiki/Abbaye_de_Champagne","-0.085238171551978","48.138723083862","monks","Rouez","Sarthe[24]","Le Mans"
"112","‍ Les Champsou Saint-Antoine","https://fr.wikipedia.org/wiki/Abbaye_Saint-Antoine-des-Champs","2.382713","48.849351","nuns","Paris XIIe","Paris","Paris"
"113","Charité","https://fr.wikipedia.org/w/index.php?title=Abbaye_Noter-Dame_de_la_Charit%C3%A9&action=edit&redlink=1","5.9360753554707","47.518124679328","monks","Neuvelle-lès-la-Charité","Haute-Saône","Besançon"
"114","CharitéLès-Lézines","https://fr.wikipedia.org/wiki/Abbaye_de_la_Charit%C3%A9-l%C3%A8s-L%C3%A9zines","4.0958255211856","47.79650311312","nuns","Lézinnes","Yonne","Langres"
"115","Charmoye","https://fr.wikipedia.org/wiki/Abbaye_de_la_Charmoye","3.8463123281395","48.928947802804","monks","Montmort-Lucy","Marne","Châlons-en-Champagne"
"116","Charonou Charronou Grâce-Notre-Dame","https://fr.wikipedia.org/wiki/Abbaye_de_Charon","-1.1019199845938","46.286544679246","monks","Charron","Charente-Maritime","La Rochelle"
"117","Chassagne","https://fr.wikipedia.org/wiki/Abbaye_de_Chassagne","5.1821714689836","45.966869249444","monks","Crans","Ain","Lyon"
"118","‍ Les Châtelliers","https://fr.wikipedia.org/wiki/Abbaye_des_Ch%C3%A2telliers","-0.1314171298669","46.488414914317","monks","FomperronChantecorps","Deux-Sèvres[25]","Poitiers"
"119","Chatillonou Chastillon","https://fr.wikipedia.org/wiki/Abbaye_de_Chatillon","5.5837458509179","49.382605907827","monks","Pillon","Meuse","Verdun"
"120","‍ Les Chaumes","https://fr.wikipedia.org/wiki/Abbaye_Saint-L%C3%A9onard_des_Chaumes","-1.0729923143807","46.169926137691","monks","Dompierre-sur-Mer","Charente-Maritime","La Rochelle"
"121","Cheminon","https://fr.wikipedia.org/wiki/Abbaye_de_Cheminon","4.9041295304685","48.740047467402","monks","Cheminon","Marne","Châlons-en-Champagne"
"122","Cherlieu","https://fr.wikipedia.org/wiki/Abbaye_de_Cherlieu","5.8251464810998","47.781451786526","monks","Montigny-lès-Cherlieu","Haute-Saône","Besançon"
"123","Chéhéryou Chéryou Chéery","https://fr.wikipedia.org/wiki/Abbaye_de_Ch%C3%A9h%C3%A9ry","4.9714522483421","49.289155020451","monks","Chatel-Chéhéry","Ardennes","Reims"
"124","Chézeryou Cheseryou Mont-Sainte-Marie","https://fr.wikipedia.org/wiki/Abbaye_de_Ch%C3%A9zery","5.866389","46.221667","monks","Chézery-Forens","Ain","BelleyGenèveAnnecy"
"125","Cîteaux","https://fr.wikipedia.org/wiki/Abbaye_de_C%C3%AEteaux","5.0934771592096","47.127363930519","monks","Saint-Nicolas-lès-Cîteaux","Côte-d'Or","ChalonDijon"
"126","Clairefontaineen Franche-Comté","https://fr.wikipedia.org/wiki/Abbaye_de_Clairefontaine_(Franche-Comt%C3%A9)","6.0833536462886","47.857231385227","monks","Polaincourt-et-Clairefontaine","Haute-Saône","Besançon"
"127","‍ Les Clairets","https://fr.wikipedia.org/w/index.php?title=Abbaye_Notre-Dame_des_Clairets&action=edit&redlink=1","0.785951","48.272315","nuns","Mâle","Orne","Chartres"
"128","Clairlieu","https://fr.wikipedia.org/wiki/Abbaye_de_Clairlieu","6.1166189854519","48.659558907189","monks","Villers-lès-Nancy","Meurthe-et-Moselle[26]","Nancy"
"129","ClairmaraisPas-de-Calais","https://fr.wikipedia.org/wiki/Abbaye_de_Clairmarais","2.3054006935119","50.768785393412","monks","Clairmarais","Pas-de-Calais","Saint-Omer"
"130","Clermontou Clairmont","https://fr.wikipedia.org/wiki/Abbaye_de_Clermont","-0.93365555153726","48.098003663055","monks","Olivet","Mayenne","Le Mans"
"131","Clairvaux","https://fr.wikipedia.org/wiki/Abbaye_de_Clairvaux","4.7894978528271","48.146615243852","monks","Ville-sous-la-Ferté","Aube","Langres"
"132","‍ La Clarté-Dieud'Eaunes","https://fr.wikipedia.org/wiki/Abbaye_de_La_Clart%C3%A9-Dieu_(Eaunes)","1.3536949770147","43.418766589099","monks","Eaunes","Haute-Garonne","Toulouse"
"133","‍ La Clarté-DieuTouraine","https://fr.wikipedia.org/wiki/Abbaye_de_la_Clart%C3%A9-Dieu_(Saint-Paterne)","0.45651190444562","47.60129623856","monks","Saint-Paterne-Racan","Indre-et-Loire[27]","Tours"
"134","‍ Clavas","https://fr.wikipedia.org/wiki/Abbaye_de_Clavas","4.4690470796329","5.2219804127281","nuns","Riotord","Haute-Loire","Le Puy"
"135","Coatmalouenou Coëtmaloënou Koad Malouen","https://fr.wikipedia.org/wiki/Abbaye_Notre-Dame_de_Coatmalouen","-3.1274495832294","48.376876185935","monks","Saint-Gilles-Pligeaux","Finistère","Quimper"
"136","‍ La Colombe","https://fr.wikipedia.org/wiki/Abbaye_de_La_Colombe","1.217614","46.435513","monks","Tilly","Indre","Limoges"
"137","Corcelles","https://fr.wikipedia.org/wiki/Abbaye_de_Corcelles","5.810595","47.226477","monks","Corcelles-Ferrières","Doubs","Besançon"
"138","‍ La Coudreou Laval","https://fr.wikipedia.org/wiki/Abbaye_Notre-Dame_de_la_Coudre","-0.7742461190165","48.05848660441","nuns","Laval","Mayenne[28]","Laval"
"139","‍ La Cour-Dieu","https://fr.wikipedia.org/wiki/Abbaye_de_la_Cour-Dieu","2.1974221524964","48.005881579815","monks","Ingrannes","Loiret","Orléans"
"140","‍ La Crêteou la Creste","https://fr.wikipedia.org/wiki/Abbaye_de_la_Cr%C3%AAte","5.3184638645775","48.207604960152","monks","Bourdons-sur-Rognon","Haute-Marne","Langres"
"141","Cuxa","https://fr.wikipedia.org/wiki/Abbaye_Saint-Michel_de_Cuxa","2.417153","42.59484","monks","Codalet","Pyrénées-Orientales","Perpignan"
"142","Dalon","https://fr.wikipedia.org/wiki/Abbaye_de_Dalon","1.2255082178587","45.273363957896","monks","Sainte-Trie","Dordogne","Limoges"
"143","Désert","https://fr.wikipedia.org/wiki/Abbaye_Sainte-Marie_du_D%C3%A9sert","1.115774662809","43.693146721939","monks","Bellegarde-Sainte-Marie","Haute-Garonne[29]","Toulouse"
"144","Divielle","https://fr.wikipedia.org/wiki/Abbaye_de_Divielle","-0.924444","43.739167","monks","Goos","Landes","Dax"
"145","Dombes","https://fr.wikipedia.org/wiki/Abbaye_Notre-Dame-des-Dombes","5.0878","46.0244","monks","Le Plantay","Ain","Belley"
"146","Droiteval","https://fr.wikipedia.org/wiki/Abbaye_de_Droiteval","6.0389071852008","48.042686204518","monks","Claudon","Vosges","ToulSaint-Dié"
"147","‍ L'Eau","https://fr.wikipedia.org/wiki/Abbaye_Notre-Dame_de_l%27Eau","1.478457","48.391767","nuns","Ver-lès-Chartres","Eure-et-Loir","Chartres"
"148","Écharlis","https://fr.wikipedia.org/wiki/Abbaye_des_%C3%89charlis","3.1442517539359","47.949032777887","monks","Villefranche","Yonne","Sens"
"149","‍ Échourgnac","https://fr.wikipedia.org/wiki/Abbaye_Notre-Dame_de_Bonne-Esp%C3%A9rance_d%27%C3%89chourgnac","0.21334136509884","45.128218648112","nuns","Échourgnac","Dordogne[30]","Périgueux"
"150","‍ L'Éclache","https://fr.wikipedia.org/wiki/Abbaye_de_l%27%C3%89clache","2.6919486759866","45.749641978807","nuns","Prondines","Puy-de-Dôme","Clermont"
"151","‍ Écureyou Escurey","https://fr.wikipedia.org/wiki/Abbaye_d%27%C3%89curey","5.2692741673172","48.558249992696","monks","Montiers-sur-Saulx","Meuse","Toul"
"152","‍ Élan","https://fr.wikipedia.org/wiki/Abbaye_d%27%C3%89lan","4.7562951595771","49.66338452281","monks","Élan","Ardennes","Reims"
"153","‍ Épagne","https://fr.wikipedia.org/wiki/Abbaye_d%27%C3%89pagne","1.875094","50.070627","nuns","Épagne-ÉpagnetteAbbeville","Somme","Amiens"
"154","‍ Épauou de la Piété-Dieu","https://fr.wikipedia.org/wiki/Abbaye_de_l%27%C3%89pau","0.24209019694138","47.991134563714","monks","Le Mans","Sarthe","Le Mans"
"155","Escaladieu","https://fr.wikipedia.org/wiki/Abbaye_de_l%27Escaladieu","0.26023868816813","43.110035897907","monks","Bonnemazon","Hautes-Pyrénées","Tarbes"
"156","‍ L'Estrée","https://fr.wikipedia.org/wiki/Abbaye_de_l%27Estr%C3%A9e","1.3050844311429","48.766974901435","monks","Muzy","Eure","Évreux"
"157","‍ L'Étancheou Estanche","https://fr.wikipedia.org/wiki/Abbaye_Notre-Dame_de_l%27%C3%89tanche","5.747919","48.342698","nuns","Rollainville","Vosges","Toul"
"158","‍ L'Étoile","https://fr.wikipedia.org/wiki/Abbaye_de_l%27%C3%89toile","0.70307250902886","46.653756370222","monks","Archigny","Vienne[31]","Poitiers"
"159","Fabasou Lum-Dieu","https://fr.wikipedia.org/wiki/Abbaye_de_Fabas","0.878035","43.313555","nuns","Fabas","Haute-Garonne","Comminges"
"160","‍ La Faise","https://fr.wikipedia.org/wiki/Abbaye_Notre-Dame_de_la_Faise","-0.12773763788553","44.968392962396","monks","Les Artigues-de-Lussac","Gironde","Bordeaux"
"161","Féniersou Val-Honnette","https://fr.wikipedia.org/wiki/Abbaye_de_F%C3%A9niers","2.7708933320129","45.32364539716","monks","Condat","Cantal","Clermont"
"162","‍ La Ferté","https://fr.wikipedia.org/wiki/Abbaye_de_La_Fert%C3%A9","4.8189376829066","46.670950627318","monks","Saint-Ambreuil","Saône-et-Loire","Châlons[32]"
"163","Fervaquesou Fontsomme","https://fr.wikipedia.org/wiki/Abbaye_Notre-Dame_de_Fervaques","3.403063","49.907267","nuns","FonsommeSaint-Quentin","Aisne","Noyon"
"164","‍ Les Feuillants","https://fr.wikipedia.org/wiki/Abbaye_des_Feuillants","1.1399774175946","43.35407209476","monks","Labastide-Clermont","Haute-Garonne","RieuxToulouse"
"165","Flaran","https://fr.wikipedia.org/wiki/Abbaye_de_Flaran","0.37317458439405","43.889991392889","monks","Valence-sur-Baïse","Gers","Auch"
"166","Flines","https://fr.wikipedia.org/wiki/Abbaye_de_Flines","3.1724139000751","50.423377800771","nuns","Flines-lez-Raches","Nord","Arras"
"167","Foigny","https://fr.wikipedia.org/wiki/Abbaye_de_Foigny","3.9740896078739","49.892152045789","monks","La Bouteille","Aisne","Auch"
"168","Fontaine-Daniel","https://fr.wikipedia.org/wiki/Abbaye_de_Fontaine-Daniel","-0.67355313461478","48.277880828509","monks","Saint-Georges-Buttavent","Mayenne","Le Mans"
"169","Fontaine-Guérard","https://fr.wikipedia.org/wiki/Abbaye_Notre-Dame_de_Fontaine-Gu%C3%A9rard","1.308826597816","49.350129656936","nuns","Radepont","Eure","Évreux"
"170","Fontainejeanou Fontaine-Jean-en-Gâtinais","https://fr.wikipedia.org/wiki/Abbaye_de_Fontainejean","2.9604728597491","47.848071388053","monks","Saint-Maurice-sur-Aveyron","Loiret","Sens"
"171","Fontaine-les-Blanches","https://fr.wikipedia.org/wiki/Abbaye_de_Fontaine-les-Blanches","1.0031039411859","47.519509924403","monks","Autrèche","Indre-et-Loire","Tours"
"172","Fontenay","https://fr.wikipedia.org/wiki/Abbaye_de_Fontenay","4.3895823364658","47.639640918176","monks","Marmagne","Côte-d'Or[33]","Autun"
"173","Fontenelle","https://fr.wikipedia.org/wiki/Abbaye_de_Fontenelle","4.3772185014023","50.259476944748","nuns","Maing","Nord","Cambrai"
"174","Fontfroide","https://fr.wikipedia.org/wiki/Abbaye_Sainte-Marie_de_Fontfroide","2.8982671622284","43.127329239195","monks","Narbonne","Aude[34]","Narbonne"
"175","Fontguilhemou Font Guilhem","https://fr.wikipedia.org/wiki/Abbaye_de_Fontguilhem","-0.070702451646476","44.395658621642","monks","Masseilles","Gironde","Bazas"
"176","Fontmorigny","https://fr.wikipedia.org/wiki/Abbaye_de_Fontmorigny","2.9567264799806","47.032030960815","monks","Menetou-Couture","Cher[35]","Bazas"
"177","Foucarmont","https://fr.wikipedia.org/wiki/Abbaye_de_Foucarmont","1.5657777083857","49.849795334345","monks","Foucarmont","Seine-Maritime[36]","Rouen"
"178","Franquevaux","https://fr.wikipedia.org/wiki/Abbaye_de_Franquevaux","4.347836","43.649567","monks","Beauvoisin","Gard","Nîmes"
"179","Freistroff","https://fr.wikipedia.org/wiki/Abbaye_de_Freistroff","6.4920878548136","49.281541298612","monks","Freistroff","Moselle","Metz"
"180","‍ La Frenade","https://fr.wikipedia.org/wiki/Abbaye_de_la_Frenade","-0.37269803186707","45.65742064412","monks","Merpins","Charente","Saintes"
"181","Froidmont","https://fr.wikipedia.org/wiki/Abbaye_de_Froidmont","2.2612091378098","49.380152618229","monks","Hermes","Oise","Beauvais"
"182","‍ Le Gard","https://fr.wikipedia.org/wiki/Abbaye_du_Gard","2.1033544922441","49.96374816805","monks","Crouy-Saint-Pierre","Somme","Amiens"
"183","‍ Garde-Dieu","https://fr.wikipedia.org/wiki/Abbaye_de_la_Garde-Dieu","1.4152492031879","44.171946265007","monks","Mirabel","Tarn-et-Garonne","Cahors"
"184","‍ Les Gardes","https://fr.wikipedia.org/wiki/Abbaye_Notre-Dame_des_Gardes","-0.73771938396725","47.153541980398","nuns","Saint-Georges-des-Gardes","Maine-et-Loire[37]","Angers"
"185","Gémenosou Saint-Pons","https://fr.wikipedia.org/wiki/Abbaye_de_Saint-Pons_de_G%C3%A9menos","5.633903","43.296956","nuns","Gémenos","Bouches-du-Rhône[38]","Marseille"
"186","Gomerfontaine","https://fr.wikipedia.org/w/index.php?title=Abbaye_Notre-Dame_de_Gomerfontaine&action=edit&redlink=1","4.3772185014023","50.259476944748","nuns","Trie-la-Ville","Oise","RouenBeauvais"
"187","Gondonou Montastruc","https://fr.wikipedia.org/wiki/Abbaye_Notre-Dame_de_Gondon","-0.53416404004848","44.517970636806","monks","Monbahus","Lot-et-Garonne","Agen"
"188","Gouffernou Saint André","https://fr.wikipedia.org/wiki/Abbaye_de_Saint-Andr%C3%A9-de-Gouffern","2.3820358322078","49.147655802869","monks","La Hoguette","Calvados","Séez"
"189","Gourdonou Abbaye nouvelle ou de Léobard","https://fr.wikipedia.org/wiki/Abbaye_de_Gourdon","1.3084038733679","44.708530551736","monks","Léobard","Lot","Cahors"
"190","‍ La Grâce-Dieu","https://fr.wikipedia.org/wiki/Abbaye_de_la_Gr%C3%A2ce-Dieu","6.3484068230492","47.249908649721","monks","Chaux-lès-Passavant","Doubs","Besançon"
"191","‍ La Grâce-Dieuen Aunis","https://fr.wikipedia.org/wiki/Abbaye_de_La_Gr%C3%A2ce-Dieu_(Aunis)","-0.84173236082366","46.204202680562","monks","Benon","Charente-Maritime","La Rochelle"
"192","La Grâce-Notre-Dame","https://fr.wikipedia.org/w/index.php?title=Abbaye_de_la_Gr%C3%A2ce-Notre-Dame&action=edit&redlink=1","3.5594147374627","48.854248882572","nuns","Montmirail","Marne","Reims"
"193","Grandselve","https://fr.wikipedia.org/wiki/Abbaye_de_Grandselve","1.1381020623867","43.85635117089","monks","Bouillac","Tarn-et-Garonne","Toulouse"
"194","Grenoble","https://fr.wikipedia.org/wiki/Monast%C3%A8re_Sainte-C%C3%A9cile_de_Grenoble","5.73315","45.1909","nuns","Grenoble","Isère","Grenoble"
"195","Grosbotou Grosboisou Font-Vive","https://fr.wikipedia.org/wiki/Abbaye_Notre-Dame_de_Grosbot","0.39860345983249","45.552538012726","monks","Charras","Charente","Angoulême"
"196","Hautecombe","https://fr.wikipedia.org/wiki/Abbaye_d%27Hautecombe","5.8395436562126","45.752596070753","monks","Saint-Pierre-de-Curtille","Savoie","Chambéry"
"197","Hautefontaineou Haute-Fontaine","https://fr.wikipedia.org/wiki/Abbaye_de_Hautefontaine","4.7867811663535","48.641521267532","monks","Ambrières","Marne","Châlons-sur-Marne"
"198","‍ Hauteseilleou Haute-Seille","https://fr.wikipedia.org/wiki/Abbaye_de_Haute-Seille","6.9265129280219","48.589206333673","monks","Cirey-sur-Vezouze","Meurthe-et-Moselle","Nancy"
"199","Igny","https://fr.wikipedia.org/wiki/Abbaye_Notre-Dame_d%27Igny","3.6854414425432","49.210249454871","nuns","Arcis-le-Ponsart","Marne[39]","Reims"
"200","Isles","https://fr.wikipedia.org/wiki/Abbaye_des_Isles_d%27Auxerre","3.577015","47.798105","nuns","Auxerre","Yonne","Auxerre"
"201","Jassonneix","https://fr.wikipedia.org/wiki/Prieur%C3%A9_du_Jassonneix","2.135625","45.551757","nuns","Meymac","Corrèze","Tulle"
"202","‍ Le Jau","https://fr.wikipedia.org/wiki/Abbaye_Sainte-Marie_de_Jau","2.2603165067188","42.683199208094","monks","Mosset","Pyrénées-Orientales","Perpignan"
"203","Joie","https://fr.wikipedia.org/wiki/Abbaye_de_la_Joie","-3.2820233703783","47.81510199659","nuns","Hennebont","Morbihan","Vannes"
"204","Joie-lès-Nemoursou Joie Notre-Dameou Saussaie","https://fr.wikipedia.org/wiki/Abbaye_de_la_Joie-l%C3%A8s-Nemours","2.694129","48.260413","nuns","Saint-Pierre-lès-Nemours","Seine-et-Marne","Sens"
"205","Notre-Dame-de-la-Joieou Sainte-Claire","https://fr.wikipedia.org/w/index.php?title=Abbaye_Notre-Dame_de_la_Joie_(Oise)&action=edit&redlink=1","2.966768","49.41394","nuns","Berneuil-sur-Aisne","Oise","Soissons"
"206","Jouy","https://fr.wikipedia.org/wiki/Abbaye_Notre-Dame_de_Jouy","3.2064579633482","48.647125262531","monks","Chenoise","Seine-et-Marne","SensMeaux"
"207","Kerlot","https://fr.wikipedia.org/wiki/Abbaye_Notre-Dame_de_Kerlot","-4.1467693342442","47.959081848262","nuns","PlomelinQuimper","Finistère","Quimper"
"208","Koenigsbrückou Königsbrück","https://fr.wikipedia.org/wiki/Abbaye_de_Koenigsbr%C3%BCck","8.0130180372017","48.861156108998","nuns","Leutenheim","Bas-Rhin","Strasbourg"
"209","Lachaladeou La Chalade","https://fr.wikipedia.org/wiki/Abbaye_de_Lachalade","4.9590352294133","49.165110939526","monks","Lachalade","Meuse[40]","VerdunMeaux"
"210","‍ Le Landais","https://fr.wikipedia.org/wiki/Abbaye_Notre-Dame_du_Landais","1.4898192719798","47.005414600959","monks","Frédille","Indre[41]","Bourges"
"211","Langonnet","https://fr.wikipedia.org/wiki/Abbaye_Notre-Dame_de_Langonnet","-3.4321193692136","48.106153868002","monks","Langonnet","Morbihan","Quimper"
"212","Lannoyou Briostel","https://fr.wikipedia.org/wiki/Abbaye_de_Lannoy","1.9118397413314","49.58942575132","monks","Roy-Boissy","Oise","Beauvais"
"213","Lanvaux","https://fr.wikipedia.org/wiki/Abbaye_Notre-Dame_de_Lanvaux","-2.9338474537438","47.80050462858","monks","Brandivy","Morbihan","Vannes"
"214","Larrivourou Larivour ou L'Arrivour","https://fr.wikipedia.org/wiki/Abbaye_Notre-Dame_de_Larrivour","4.2568775637521","48.276087963636","monks","Lusigny-sur-Barse","Aube","Troyes"
"215","Lazières","https://fr.wikipedia.org/w/index.php?title=Abbaye_de_Lazi%C3%A8res&action=edit&redlink=1","1.484869","44.617241","nuns","Montamel","Lot","Cahors"
"216","Léoncel","https://fr.wikipedia.org/wiki/Abbaye_de_L%C3%A9oncel","5.1928860079488","44.910842357617","monks","Léoncel","Drôme[42]","Die"
"217","Lérins","https://fr.wikipedia.org/wiki/Abbaye_de_L%C3%A9rins","7.0480415774208","43.50600969786","monks","Cannes","Alpes-Maritimes[43]","Fréjus-Toulon"
"218","Leymeou Lermeou La Grâce-Dieu","https://fr.wikipedia.org/w/index.php?title=Abbaye_de_Leyme&action=edit&redlink=1","1.9071916585808","44.782510170048","nuns","Leyme","Lot","Cahors"
"219","Lieu-Croissantou Les Trois Rois","https://fr.wikipedia.org/wiki/Abbaye_de_Lieu-Croissant","6.5633240184673","47.485595503134","monks","Geney","Doubs","Besançon"
"220","Lieu-Dieu","https://fr.wikipedia.org/wiki/Abbaye_du_Lieu-Dieu","4.871534","47.121833","nuns","LeymeBeaune","Côte-d'Or","Dijon"
"221","Lieu-Dieuen Ponthieu","https://fr.wikipedia.org/wiki/Abbaye_du_Lieu-Dieu_(Beauchamps)","1.5201604463382","50.005639764529","monks","Beauchamps","Somme","Amiens"
"222","Petit-Lieu","https://fr.wikipedia.org/wiki/Abbaye_du_Petit-Lieu","6.432966","46.31036","nuns","Perrignier","Haute-Savoie","Genève"
"223","Lieu-Notre-Dameou Notre-Dame-du-Lieu","https://fr.wikipedia.org/w/index.php?title=Abbaye_du_Lieu-Notre-Dame_(Loiret)&action=edit&redlink=1","1.7448080017063","47.388170176651","nuns","Romorantin-Lanthenay","Loir-et-Cher","Orléans"
"224","Lisle-en-Barroisou l'Isle-en-Barrois","https://fr.wikipedia.org/wiki/Abbaye_de_Lisle-en-Barrois","5.1261452524694","48.895555550388","monks","Lisle-en-Barrois","Meuse","Toul"
"225","Loc-Dieu","https://fr.wikipedia.org/wiki/Abbaye_de_Loc-Dieu","1.9309226631441","44.339550275885","monks","Martiel","Aveyron","Rodez"
"226","Longpont","https://fr.wikipedia.org/wiki/Abbaye_Notre-Dame_de_Longpont","3.2209335298153","49.272541245926","monks","Longpont","Aisne[44]","Soissons"
"227","Longuayou Longué","https://fr.wikipedia.org/wiki/Abbaye_de_Longuay","4.91049079528","47.920766161836","monks","Aubepierre-sur-Aube","Haute-Marne","Langres"
"228","Longvillers","https://fr.wikipedia.org/wiki/Abbaye_de_Longvillers","1.73167","50.53222","nuns","Longvilliers","Pas-de-Calais","Boulogne-sur-Mer"
"229","Loosou Looz","https://fr.wikipedia.org/wiki/Abbaye_Notre-Dame_de_Loos","2.9985109153235","50.616362201054","monks","Loos","Nord","Tournai"
"230","Loroyou Lorroy ou Lorois","https://fr.wikipedia.org/wiki/Abbaye_Notre-Dame_de_Loroy","2.4181805729973","47.319641707347","monks","Méry-ès-Bois","Cher","Bourges"
"231","‍ Le Lourouxou Loroux","https://fr.wikipedia.org/wiki/Abbaye_de_Louroux","0.025857862167769","47.42151735967","monks","Vernantes","Maine-et-Loire","Angers"
"232","Lucelleou Lützel","https://fr.wikipedia.org/wiki/Abbaye_de_Lucelle","7.245912","47.421113","monks","LucellePleigne","Haut-RhinJura","Bâle"
"233","‍ Le Lys","https://fr.wikipedia.org/wiki/Abbaye_du_Lys","2.6318532226419","48.518265521513","nuns","Dammarie-les-Lys","Seine-et-Marne","Sens"
"234","Maizières","https://fr.wikipedia.org/wiki/Abbaye_de_Maizi%C3%A8res","4.8868890982662","46.948064383767","monks","Saint-Loup-Géanges","Saône-et-Loire","Châlons"
"235","Manosque","https://fr.wikipedia.org/wiki/Couvent_des_Bernardines_de_Manosque","5.784741","43.833654","nuns","Manosque","Alpes-de-Haute-Provence","Digne"
"236","Marcilly","https://fr.wikipedia.org/wiki/Abbaye_Notre-Dame_de_Marcilly","3.9389211788606","47.54200585674","nuns","Provency","Yonne","Autun"
"237","Marquetteou Bonrepos","https://fr.wikipedia.org/wiki/Abbaye_du_repos_de_Notre-Dame_de_Marquette","3.9389211788606","47.54200585674","nuns","Marquette-lez-Lille","Nord","Tournai"
"238","Maubec","https://fr.wikipedia.org/wiki/Abbaye_de_Maubec","4.7667526991666","44.5330656755","nuns","Montélimar","Drôme","Valence"
"239","Maubuissonou Notre-Dame-la-Royale","https://fr.wikipedia.org/wiki/Abbaye_de_Maubuisson","2.1166438670885","49.046340970098","nuns","Saint-Ouen-l'Aumône","Val-d'Oise","RouenParis"
"240","Mazan","https://fr.wikipedia.org/wiki/Abbaye_de_Mazan","4.0886944925979","44.728838999779","monks","Mazan-l'Abbaye","Ardèche","Viviers"
"241","Mègemont","https://fr.wikipedia.org/wiki/Abbaye_de_M%C3%A8gemont","3.086374","45.497466","monks","Chassagne","Puy-de-Dôme","Clermont"
"242","Melleray","https://fr.wikipedia.org/wiki/Abbaye_Notre-Dame_de_Melleray","-1.377487","47.548975","monks","La Meilleraye-de-Bretagne[45]","Loire-Atlantique","Nantes"
"243","‍ La Merci-Dieu","https://fr.wikipedia.org/wiki/Abbaye_de_la_Merci-Dieu","0.838611","46.7675","monks","La Roche-Posay","Vienne","Poitiers"
"244","Mercoire","https://fr.wikipedia.org/wiki/Abbaye_de_Mercoire","3.79389","44.62139","nuns","Cheylard-l'Évêque","Lozère","Mende"
"245","Micy","https://fr.wikipedia.org/wiki/Abbaye_Saint-Mesmin_de_Micy","1.868461","47.881994","nuns","Saint-Pryvé-Saint-Mesmin","Loiret","Orléans"
"246","‍ Le Miroir","https://fr.wikipedia.org/wiki/Abbaye_Notre-Dame_du_Miroir","5.325799","46.528391","monks","Le Miroir","Saône-et-Loire","Lyon"
"247","Molaise","https://fr.wikipedia.org/wiki/Abbaye_de_Molaise","5.05114","46.95038","nuns","Écuelles","Saône-et-Loire","Châlons-sur-Saône"
"248","Mollégès","https://fr.wikipedia.org/wiki/Abbaye_Notre-Dame_de_Moll%C3%A9g%C3%A8s","4.949078","43.805378","nuns","Mollégès","Bouches-du-Rhône","Arles"
"249","Monchyou Mouchy-le-Péreux","https://fr.wikipedia.org/w/index.php?title=Abbaye_Notre-Dame_sur_Aronde_de_Monchy&action=edit&redlink=1","2.763141","49.468797","nuns","Monchy-Humières","Oise","Beauvais"
"250","Moncé","https://fr.wikipedia.org/wiki/Abbaye_de_Monc%C3%A9","1.024152","47.452585","nuns","Limeray","Indre-et-Loire","Tours"
"251","MontSainte-Catherine","https://fr.wikipedia.org/wiki/Abbaye_Sainte-Catherine_du_Mont_(Semnoz)","6.112523","45.870803","nuns","Annecy","Haute-Savoie","GenèveAnnecy"
"252","Monthiers-en-Argonne","https://fr.wikipedia.org/wiki/Abbaye_de_Monthiers-en-Argonne","4.877773","48.898584","monks","Possesse","Marne","Châlons-en-Champagne"
"253","Mont-des-Cats","https://fr.wikipedia.org/wiki/Abbaye_du_Mont_des_Cats","2.66523","50.78501","monks","Godewaersvelde","Nord","CambraiLille"
"254","Mont-Sainte-Marie","https://fr.wikipedia.org/wiki/Abbaye_de_Mont-Sainte-Marie","6.274716","46.788439","monks","Labergement-Sainte-Marie","Doubs","Besançon"
"255","Mont-Sion","https://fr.wikipedia.org/wiki/Abbaye_du_Mont-Sion","5.379529","43.30028","nuns","Marseille","Bouches-du-Rhône","Marseille"
"256","Montpeyroux","https://fr.wikipedia.org/wiki/Abbaye_de_Montpeyroux","3.520028","45.941399","monks","Puy-Guillaume","Puy-de-Dôme[46]","Clermont"
"257","Montreuil-les-Damesou Montreuil-sous-Laon","https://fr.wikipedia.org/wiki/Abbaye_de_Montreuil-les-Dames","3.602332","49.570178","nuns","Laon","Aisne","Laon"
"258","Moreillesou Moreil","https://fr.wikipedia.org/wiki/Abbaye_de_Moreilles","-1.081261","46.418486","monks","Moreilles","Vendée","La Rochelle"
"259","Mores","https://fr.wikipedia.org/wiki/Abbaye_Notre-Dame_de_Mores","4.4336","48.07683","monks","Celles-sur-Ource","Aube","Langres"
"260","Morimond","https://fr.wikipedia.org/wiki/Abbaye_de_Morimond","5.673172","48.057126","monks","Parnoy-en-Bassigny","Haute-Marne","Langres"
"261","Mortemer","https://fr.wikipedia.org/wiki/Abbaye_de_Mortemer","1.481209","49.369663","monks","Lisors","Eure[47]","Rouen"
"262","Notre-Dame-des-Neiges","https://fr.wikipedia.org/wiki/Abbaye_Notre-Dame-des-Neiges","3.933279","44.600355","monks","Saint-Laurent-les-Bains","Ardèche[48]","Viviers"
"263","Netlieu","https://fr.wikipedia.org/w/index.php?title=Abbaye_de_Netlieu&action=edit&redlink=1","","","nuns","Mèze","Hérault","Agde"
"264","Neubourgou Nuwenburg","https://fr.wikipedia.org/wiki/Abbaye_de_Neubourg","7.682328538986","48.840125958614","monks","Dauendorf","Bas-Rhin","Strasbourg"
"265","‍ La Noë","https://fr.wikipedia.org/wiki/Abbaye_de_la_No%C3%AB","1.0451800095018","48.995687336437","monks","La Bonneville-sur-Iton","Eure","Évreux"
"266","Noirlacou La Maison-Dieu","https://fr.wikipedia.org/wiki/Abbaye_de_Noirlac","2.4605456818678","46.745239539834","monks","Bruère-Allichamps","Cher[49]","Bourges"
"267","Nonenque","https://fr.wikipedia.org/wiki/Abbaye_de_Nonenque","3.035292","43.90284","nuns","Marnhagues-et-Latour","Aveyron","VabresRodez"
"268","Oelenberg","https://fr.wikipedia.org/wiki/Abbaye_Notre-Dame_d%27Oelenberg","7.2133155665013","47.746118122707","monks","Reiningue","Haut-Rhin[50]","Strasbourg"
"269","‍ Les Olieuxou des Olives","https://fr.wikipedia.org/w/index.php?title=Abbaye_des_Olieux&action=edit&redlink=1","3.055097","43.149143","nuns","Narbonne","Aude","Narbonne"
"270","Olivet","https://fr.wikipedia.org/wiki/Abbaye_Notre-Dame_d%27Olivet","1.8031006906915","47.277413529756","monks","Saint-Julien-sur-Cher","Cher","Bourges"
"271","Oraison-Dieu","https://fr.wikipedia.org/w/index.php?title=Abbaye_d%27Oraison-Dieu&action=edit&redlink=1","1.284209","43.426019","nuns","Saint-Hilaire","Haute-Garonne","Toulouse"
"272","Ounans","https://fr.wikipedia.org/w/index.php?title=Abbaye_Notre-Dame_d%27Ounans&action=edit&redlink=1","5.660917","47.000846","nuns","Ounans","Jura","Besançon"
"273","Ourscamp","https://fr.wikipedia.org/wiki/Abbaye_Notre-Dame_d%27Ourscamp","2.972475577614","49.53452223739","monks","Chiry-Ourscamp","Oise","Noyon"
"274","Pairis","https://fr.wikipedia.org/wiki/Abbaye_de_Pairis","7.144351025725","48.120320475345","monks","Orbey","Haut-Rhin","BâleStrasbourg"
"275","‍ La Paix-Dieuou Cabanoule","https://fr.wikipedia.org/wiki/Abbaye_Notre-Dame_de_la_Paix-Dieu","3.967628","44.053103","nuns","Anduze","Gard","Nîmes"
"276","‍ Le Palais","https://fr.wikipedia.org/wiki/Abbaye_Notre-Dame_du_Palais","1.7699804160772","45.993869638899","monks","Thauron","Haute-Vienne","Limoges"
"277","Penthemontou Pentemontou Panthemont ou Pantemont ","https://fr.wikipedia.org/wiki/Abbaye_de_Penthemont","2.057801","49.43034","nuns","BeauvaisParis 7e","OiseParis","BeauvaisParis"
"278","Le Paraclet des Champs","https://fr.wikipedia.org/wiki/Abbaye_du_Paraclet_des_Champs","2.393152","49.823626","nuns","CottenchyAmiens","Somme","Amiens"
"279","Parc-aux-Dames","https://fr.wikipedia.org/w/index.php?title=Abbaye_du_Parc-aux-Dames&action=edit&redlink=1","2.833402","49.222643","nuns","Auger-Saint-Vincent","Oise","Senlis"
"280","Pérignac","https://fr.wikipedia.org/wiki/Abbaye_de_P%C3%A9rignac","2.833402","49.222643","monks","Auger-Saint-Vincent","Lot-et-Garonne","Agen"
"281","‍ Le Perray-aux-Nonnains","https://fr.wikipedia.org/wiki/Abbaye_du_Perray-aux-Nonnains","-0.504815","47.523497","nuns","Écouflant","Maine-et-Loire","Angers"
"282","Perseigne","https://fr.wikipedia.org/wiki/Abbaye_de_Perseigne","0.26118983536995","48.390608887066","monks","Neufchâtel-en-Saosnois","Sarthe","Le Mans"
"283","Petites-Roches","https://fr.wikipedia.org/w/index.php?title=Abbaye_Notre-Dame_des_Petites-Roches&action=edit&redlink=1","5.903551","45.328857","nuns","Saint-Bernard-du-Touvet","Isère","Grenoble"
"284","La Peyrouse","https://fr.wikipedia.org/wiki/Abbaye_de_la_Peyrouse","0.86198594702175","45.481756690175","monks","Saint-Saud-Lacoussière","Dordogne","Périgueux"
"285","‍ Les Pierres","https://fr.wikipedia.org/wiki/Abbaye_des_Pierres","2.2817360045801","46.510114776733","monks","Sidiailles","Cher","Bourges"
"286","‍ Le Pin","https://fr.wikipedia.org/wiki/Abbaye_du_Pin","0.17839623430332","46.568820777797","monks","Béruges","Vienne","Poitiers"
"287","‍ La Piété-Dieu","https://fr.wikipedia.org/wiki/Abbaye_de_la_Pi%C3%A9t%C3%A9-Dieu-l%C3%A8s-Ramerupt","4.303105","48.512631","monks","Ramerupt","Aube","Troyes"
"288","‍ La Plaine","https://fr.wikipedia.org/w/index.php?title=Abbaye_Notre-Dame_de_la_Plaine&action=edit&redlink=1","3.031286","50.662303","nuns","Saint-André-lez-Lille","Nord","Lille"
"289","Planselveou Gimont","https://fr.wikipedia.org/wiki/Abbaye_de_Planselve","0.86271256186943","43.620279441802","monks","Gimont","Gers","Auch"
"290","‍ Le Pont-aux-Dames (de)","https://fr.wikipedia.org/w/index.php?title=Abbaye_du_Pont-aux-Dames&action=edit&redlink=1","2.866251","48.876676","nuns","Couilly-Pont-aux-Dames","Seine-et-Marne","Meaux"
"291","Pontautou Pontault","https://fr.wikipedia.org/wiki/Abbaye_de_Pontaut","-0.5163699389924","43.583612399381","monks","Mant","Landes","Aire"
"292","Pontifroidou Pontiffroyou Pontifroy","https://fr.wikipedia.org/wiki/Abbaye_Notre-Dame_de_Pontifroid","6.175276746172","49.12725339995","monks","Metz","Moselle","Metz"
"293","Pontigny","https://fr.wikipedia.org/wiki/Abbaye_de_Pontigny","3.7141032348468","47.909538954221","monks","Pontigny","Yonne[51]","Auxerre"
"294","Pontronou Pontrond","https://fr.wikipedia.org/wiki/Abbaye_Notre-Dame_de_Pontron","-0.947526","47.506186","monks","Le Louroux-Béconnais","Maine-et-Loire","Angers"
"295","Port-Royal des Champs","https://fr.wikipedia.org/wiki/Port-Royal_des_Champs","2.0162859288714","48.744410695752","nuns","Magny-les-Hameaux","Yvelines","Paris[52]"
"296","Port-Royal de Paris","https://fr.wikipedia.org/wiki/Abbaye_de_Port-Royal_de_Paris","2.338368","48.838555","nuns","Paris 5e","Paris","Paris"
"297","Port-du-Salutou le Port-Ringeard","https://fr.wikipedia.org/wiki/Abbaye_Notre-Dame-du-Port-du-Salut","-0.73909251152078","47.997525158377","monks","Entrammes[53]","Mayenne","Laval"
"298","Prébenoît","https://fr.wikipedia.org/wiki/Abbaye_de_Pr%C3%A9beno%C3%AEt","2.083752821683","46.342746115301","monks","Bétête","Creuse","Limoges"
"299","‍ La Prée","https://fr.wikipedia.org/wiki/Abbaye_de_La_Pr%C3%A9e","2.1323414874526","46.907154675472","monks","Ségry","Indre","Bourges"
"300","‍ les Prés","https://fr.wikipedia.org/wiki/Abbaye_des_Pr%C3%A9s_de_Douai","3.081655","50.376462","nuns","Douai","Nord","Cambrai"
"301","‍ Notre-Dame des Préslès-Troyes","https://fr.wikipedia.org/wiki/Abbaye_Notre-Dame_des_Pr%C3%A9s","4.044928","48.28768","nuns","Saint-André-les-Vergers","Aube","Troyes"
"302","Preuilly","https://fr.wikipedia.org/wiki/Abbaye_de_Preuilly","3.111910356248","48.44623173356","monks","Égligny","Seine-et-Marne","Meaux"
"303","Prières","https://fr.wikipedia.org/wiki/Abbaye_de_Pri%C3%A8res","-2.4889325486602","47.52433853203","monks","Billiers","Morbihan","Vannes"
"304","Provinsou Mont Notre-Dameou Les Filles-Dieu","https://fr.wikipedia.org/w/index.php?title=Abbaye_Mont_Notre-Dame_l%C3%A8s_Provins&action=edit&redlink=1","3.309988","48.575549","nuns","Provins","Seine-et-Marne","Sens"
"305","Quincy","https://fr.wikipedia.org/wiki/Abbaye_de_Quincy","4.1026512821069","47.862578106001","monks","Tanlay","Yonne","Langres"
"306","Ravensbergou Ravensberghe","https://fr.wikipedia.org/w/index.php?title=Abbaye_de_Ravensberg&action=edit&redlink=1","2.296689","50.864095","nuns","Merckeghem","Pas-de-Calais","ThérouanneSaint-Omer"
"307","‍ Île de Réou Les Châteliers","https://fr.wikipedia.org/wiki/Abbaye_Notre-Dame-de-R%C3%A9_dite_des_Ch%C3%A2teliers","-1.2951735730696","46.18637437689","monks","La Flotte","Charente-Maritime","Poitiers"
"308","‍ Le Reclus","https://fr.wikipedia.org/wiki/Abbaye_Notre-Dame_du_Reclus","3.7244002600874","48.838326742745","monks","Talus-Saint-Prix","Marne","TroyesChâlons"
"309","‍ Le Réconfortou Saizy","https://fr.wikipedia.org/wiki/Abbaye_Notre-Dame-du-R%C3%A9confort_de_Saizy","3.6705170743289","47.344952104501","nuns","Saizy","Nièvre","Autun"
"310","Reignyou Régny ou Rigny","https://fr.wikipedia.org/wiki/Abbaye_de_Reigny","3.7274820745881","47.645761221914","monks","Vermenton","Yonne[54]","Sens"
"311","‍ Le Relecou Relecq","https://fr.wikipedia.org/wiki/Abbaye_du_Relec","-3.8248957395524","48.448892276574","monks","Plounéour-Ménez","Finistère[55]","Léon"
"312","Rieunette","https://fr.wikipedia.org/wiki/Abbaye_Sainte-Marie_de_Rieunette","2.401947","43.096553","nuns","Ladern-sur-Lauquet","Aude[56]","Narbonne"
"313","‍ Le Rivet","https://fr.wikipedia.org/wiki/Abbaye_Sainte-Marie_du_Rivet","-0.1649303349654","44.518202058594","nuns","Auros","Gironde[57]","Bazas"
"314","‍ Les Roches","https://fr.wikipedia.org/wiki/Abbaye_des_Roches","2.9210707428987","47.467323624496","monks","Myennes","Nièvre","Auxerre"
"315","‍ La Rodeou La Rodé","https://fr.wikipedia.org/w/index.php?title=Abbaye_de_la_Rode&action=edit&redlink=1","2.9210707428987","47.467323624496","monks","Lempaut","Tarn","Lavaur"
"316","Rosières","https://fr.wikipedia.org/wiki/Abbaye_Notre-Dame_de_Rosi%C3%A8res","5.6517378837298","46.957480810874","monks","La Ferté","Jura","Besançon"
"317","‍ Les Rosiersou les Roziers","https://fr.wikipedia.org/wiki/Ch%C3%A2teau_des_Rosiers","4.746436","49.283533","nuns","Séchault","Ardennes","Reims"
"318","Royaumont","https://fr.wikipedia.org/wiki/Abbaye_de_Royaumont","2.3820358322078","49.147655802869","monks","Asnières-sur-Oise","Val-d'Oise[58]","Beauvais"
"319","Abbaye de Saint-Pantaléon","https://fr.wikipedia.org/wiki/Abbaye_de_Saint-Pantal%C3%A9on","4.956415","48.625194","nuns","Saint-Dizier","Haute-Marne","Châlons-en-Champagne"
"320","Saint-Justou Notre-Dame des Anges","https://fr.wikipedia.org/wiki/Abbaye_Notre-Dame-des-Anges_de_Saint-Just-de-Claix","5.2728194011431","45.070315946019","nuns","Saint-Just-de-ClaixRomans-sur-Isère","IsèreDrôme","VienneValence"
"321","Saint-Marcel","https://fr.wikipedia.org/wiki/Abbaye_Saint-Marcel","1.4694624820303","44.116792745721","monks","Réalville","Tarn-et-Garonne","Cahors"
"322","Beaurepaireou Saint-Paul","https://fr.wikipedia.org/w/index.php?title=Abbaye_Saint-Paul-de-Beaurepaire&action=edit&redlink=1","","","nuns","Beaurepaire","Isère","Vienne"
"323","Saint-Pierre-du-Puyou Notre-Dame-des-Plants","https://fr.wikipedia.org/w/index.php?title=Abbaye_Saint-Pierre-du-Puy&action=edit&redlink=1","","","nuns","Orange (Vaucluse)","Vaucluse","Orange"
"324","Saint-Saëns","https://fr.wikipedia.org/w/index.php?title=Abbaye_Saint-Sa%C3%ABns&action=edit&redlink=1","1.286521","49.666725","nuns","Saint-Saëns","Seine-Maritime","Rouen"
"325","Saint-Sulpice","https://fr.wikipedia.org/wiki/Abbaye_de_Saint-Sulpice","5.583789","45.898035","monks","Thézillieu","Ain","Belley"
"326","Sainte-Acire","https://fr.wikipedia.org/wiki/Ch%C3%A2teau_de_Sainte-Assise#L'abbaye_royale_de_Saint-Acire","2.551036","48.539853","monks","Seine-Port","Seine-et-Marne","Meaux"
"327","Sainte-Catherine en Avignon","https://fr.wikipedia.org/wiki/Abbaye_Sainte-Catherine_d%27Avignon","4.809885","43.950513","nuns","Avignon","Vaucluse","Avignon"
"328","Sainte-Croix Apt","https://fr.wikipedia.org/w/index.php?title=Abbaye_Sainte-Croix_d%27Apt&action=edit&redlink=1","5.396002","43.875718","nuns","Apt","Vaucluse","Apt"
"329","Sainte-Houdou Sainte-Hoïlde ou du Val-d'Ornain","https://fr.wikipedia.org/w/index.php?title=Abbaye_Sainte-Houd&action=edit&redlink=1","5.086277","48.840243","nuns","Val-d'Ornain","Meuse","Toul"
"330","‍ Les Salenquesou Abondance-Dieu","https://fr.wikipedia.org/wiki/Abbaye_des_Salenques","1.358377","43.119423","nuns","Les Bordes-sur-Arize","Ariège","Pamiers"
"331","‍ Sauve-Béniteou Séauve-Benoite","https://fr.wikipedia.org/wiki/Abbaye_de_la_Sauve-B%C3%A9nite","4.249383","45.293969","nuns","La Séauve-sur-Semène","Haute-Loire[59]","Le Puy-en-Velay"
"332","Sauvelade","https://fr.wikipedia.org/wiki/Abbaye_de_Sauvelade","0.70653","43.39496","monks","Sauvelade","Pyrénées-Atlantiques","Lescar"
"333","‍ Le Sauvoir","https://fr.wikipedia.org/w/index.php?title=Abbaye_du_Sauvoir&action=edit&redlink=1","3.38136","49.3358","nuns","Laon","Aisne","Laon"
"334","Savigny","https://fr.wikipedia.org/wiki/Abbaye_de_Savigny","-1.0275","48.5019","monks","Savigny-le-Vieux","Manche","Avranches"
"335","Sellières","https://fr.wikipedia.org/wiki/Abbaye_de_Selli%C3%A8res","3.687887","48.532024","monks","Romilly-sur-Seine","Aube","Troyes"
"336","Sénanque","https://fr.wikipedia.org/wiki/Abbaye_Notre-Dame_de_S%C3%A9nanque","5.18694","43.92833","monks","Gordes","Vaucluse[60]","Avignon"
"337","Sept-Fons","https://fr.wikipedia.org/wiki/Abbaye_de_Sept-Fons","3.706241","46.545332","monks","Diou","Allier[61]","AutunMoulins"
"338","Signy","https://fr.wikipedia.org/wiki/Abbaye_Notre-Dame_de_Signy","4.421111","49.698333","monks","Signy-l'Abbaye","Ardennes","Reims"
"339","Silvacane","https://fr.wikipedia.org/wiki/Abbaye_de_Silvacane","5.329729","43.716223","monks","La Roque-d'Anthéron","Bouches-du-Rhône","Aix"
"340","Sturzelbronn","https://fr.wikipedia.org/wiki/Abbaye_de_Sturzelbronn","7.584835","49.056236","monks","Sturzelbronn","Moselle","Metz"
"341","Sylvanèsou Silvanès ou Salvanes ou Silvanis","https://fr.wikipedia.org/wiki/Abbaye_de_Sylvan%C3%A8s","2.96028","43.83417","monks","Sylvanès","Aveyron[62]","Rodez"
"342","Sylveréal","https://fr.wikipedia.org/wiki/Abbaye_de_Sylver%C3%A9al","4.347409","43.547946","monks","Vauvert","Gard","Arles"
"343","Tamié","https://fr.wikipedia.org/wiki/Abbaye_Notre-Dame_de_Tami%C3%A9","6.304339","45.687013","monks","Plancherine","Savoie[63]","Chambéry"
"344","Tart","https://fr.wikipedia.org/wiki/Abbaye_Notre-Dame_de_Tart","5.24334","47.18403","nuns","Tart-l'AbbayeDijon","Côte-d'Or","LangresDijon"
"345","Theuleyou Tulley","https://fr.wikipedia.org/wiki/Abbaye_de_Theuley","5.5208727189854","47.541006772032","monks","Vars","Haute-Saône","BesançonLangres"
"346","‍ Le Thoronet","https://fr.wikipedia.org/wiki/Abbaye_du_Thoronet","5.5208727189854","47.541006772032","monks","Le Thoronet","Var","Fréjus"
"347","Timadeuc","https://fr.wikipedia.org/wiki/Abbaye_Notre-Dame_de_Timadeuc","-2.7232849606125","48.051464902291","monks","Bréhan","Morbihan[64]","Vannes"
"348","‍ Tourtour","https://fr.wikipedia.org/wiki/Abbaye_de_Flori%C3%A8yes","6.2024","43.3454","monks","Tourtour","Var","Fréjus"
"349","Torigniou Thorigny","https://fr.wikipedia.org/wiki/Abbaye_de_Torigny","-0.97084739582871","49.038037496353","monks","Torigni-sur-Vire","Calvados","Bayeux"
"350","‍ La Trappeou La Grande-Trappeou Soligny","https://fr.wikipedia.org/wiki/Abbaye_Notre-Dame_de_la_Trappe","0.57356549430159","48.637548933837","monks","Soligny-la-Trappe","Orne[65]","Séez"
"351","Le Trésor Notre-Dame","https://fr.wikipedia.org/w/index.php?title=Abbaye_du_Tr%C3%A9sor_Notre-Dame&action=edit&redlink=1","1.636495","49.151808","nuns","Bus-Saint-Rémy","Eure","Évreux"
"352","Trizayou Trisayou Gué de Trizay","https://fr.wikipedia.org/wiki/Abbaye_de_Trizay","-1.108333","46.588889","monks","Bournezeau","Vendée","Luçon"
"353","Trois-Fontaines","https://fr.wikipedia.org/wiki/Abbaye_de_Trois-Fontaines","4.948889","48.7175","monks","Heiltz-le-Maurupt","Marne","Châlons-en-Champagne"
"354","Tironneauou Tyronneau","https://fr.wikipedia.org/wiki/Abbaye_de_Tironneau","0.35047","48.239221","monks","Saint-Aignan","Sarthe[66]","Le Mans"
"355","Ubexy","https://fr.wikipedia.org/wiki/Abbaye_d%27Ubexy","6.2718322464544","48.335325311937","nuns","Ubexy","Vosges[67]","Saint-Dié"
"356","Ulmetou Aumet","https://fr.wikipedia.org/wiki/Abbaye_d%27Ulmet","4.634532","43.4657","monks","Arles","Bouches-du-Rhône","Arles"
"357","Vaise","https://fr.wikipedia.org/wiki/Abbaye_Notre-Dame_de_la_Consolation_de_Vaise","4.797219","45.768113","nuns","Lyon IX","Rhône","Lyon"
"358","‍ Le Val","https://fr.wikipedia.org/wiki/Abbaye_Notre-Dame_du_Val","0.35047","48.239221","monks","Mériel","Val-d'Oise","Paris"
"359","Val-de-Bressieuxou Laval-Bénite","https://fr.wikipedia.org/wiki/Abbaye_du_Val-de-Bressieux","5.288993","45.302675","nuns","Saint-Pierre-de-Bressieux","Isère","Vienne"
"360","‍ Le Val des Chouesou Val-des Choux","https://fr.wikipedia.org/wiki/Abbaye_du_Val_des_Choues","4.7542635078266","47.771335563797","monks","Essarois","Côte-d'Or[68]","Dijon"
"361","‍ Le Val-Richerou Souleuvre","https://fr.wikipedia.org/wiki/Abbaye_du_Val-Richer","4.7542635078266","47.771335563797","monks","Saint-Ouen-le-Pin","Calvados","Bayeux"
"362","Le Val-de-Vignes","https://fr.wikipedia.org/wiki/Abbaye_du_Val-des-Vignes","4.6824320439879","48.251713765248","nuns","Ailleville","Aube","Langres"
"363","‍ Le Valasseou Fongueusemareou Notre-Damedu Vœu","https://fr.wikipedia.org/wiki/Abbaye_du_Valasse","0.50558396154018","49.537174597197","monks","Gruchet-le-Valasse","Seine-Maritime","Rouen"
"364","Valbenoîte","https://fr.wikipedia.org/wiki/%C3%89glise_Notre-Dame_de_Valbeno%C3%AEte","4.3989179309334","45.422021675756","monks","Saint-Étienne","Loire","Lyon"
"365","Valbonne","https://fr.wikipedia.org/wiki/Abbaye_de_Valbonne_(Argel%C3%A8s-sur-Mer)","4.3989179309334","45.422021675756","monks","Argelès-sur-Mer","Pyrénées-Orientales","Perpignan"
"366","Valcroissant","https://fr.wikipedia.org/wiki/Abbaye_de_Valcroissant","5.4321240825912","44.746184656349","monks","Die","Drôme","Die"
"367","Valence","https://fr.wikipedia.org/wiki/Abbaye_de_Valence","0.172972","46.311","monks","Couhé","Vienne","Poitiers"
"368","‍ La Valette","https://fr.wikipedia.org/wiki/Abbaye_de_la_Valette","2.16615","45.234926","monks","Auriac","Corrèze","Tulle"
"369","Valloires","https://fr.wikipedia.org/wiki/Abbaye_de_Valloires","1.8192841677672","50.348296332782","monks","Argoules","Somme[69]","Amiens"
"370","Valmagne","https://fr.wikipedia.org/wiki/Abbaye_Sainte-Marie_de_Valmagne","3.5623067818404","43.486909631652","monks","Villeveyrac","Hérault[70]","Agde"
"371","‍ La Valroyou Val-Roi ou Val-Roy","https://fr.wikipedia.org/wiki/Abbaye_de_la_Valroy","4.0852675998943","49.577783180903","monks","Saint-Quentin-le-Petit","Ardennes","Reims"
"372","Valsaintesou Boulinette","https://fr.wikipedia.org/wiki/Abbaye_Notre-Dame_de_Valsaintes","5.608225","43.965056","monks","Simiane-la-Rotonde","Alpes-de-Haute-Provence[71]","Apt"
"373","Valsauve","https://fr.wikipedia.org/w/index.php?title=Abbaye_de_Valsauve&action=edit&redlink=1","4.446169","44.142294","nuns","VerfeuilBagnols-sur-Cèze","Gard","Uzès"
"374","Varennes","https://fr.wikipedia.org/wiki/Abbaye_de_Varennes","1.8670661311732","46.585385165422","monks","Fougerolles","Indre","Bourges"
"375","‍ La Vassin","https://fr.wikipedia.org/wiki/Abbaye_de_La_Vassin","2.675309","45.439176","nuns","Saint-Donat","Puy-de-Dôme","Clermont"
"376","Vaucelles","https://fr.wikipedia.org/wiki/Abbaye_de_Vaucelles","3.2243732734343","50.078177053696","monks","Les Rues-des-Vignes","Nord","Cambrai"
"377","Vauclair","https://fr.wikipedia.org/wiki/Abbaye_de_Vauclair","3.7462247505578","49.452671337691","monks","Bouconville-Vauclair","Aisne","Laon"
"378","Vauluisant","https://fr.wikipedia.org/wiki/Abbaye_de_Vauluisant","3.5372940628395","48.264316860156","monks","Courgenay","Yonne[72]","Sens"
"379","‍ Les Vaux-de-Cernay","https://fr.wikipedia.org/wiki/Abbaye_des_Vaux-de-Cernay","1.9360062598716","48.683959318918","monks","Cernay-la-Ville","Yvelines[73]","Paris"
"380","‍Les Vaux en Ornois","https://fr.wikipedia.org/wiki/Abbaye_des_Vaux_en_Ornois","5.4341069902328","48.583278156024","monks","Saint-Joire","Meuse","Toul"
"381","Vaux-la-Douceou d'Évaux","https://fr.wikipedia.org/wiki/Abbaye_de_Vaux-la-Douce","5.7387775391696","47.86207044302","monks","Voisey","Haute-Marne","Langres"
"382","‍ Le Verger","https://fr.wikipedia.org/w/index.php?title=Abbaye_du_Verger&action=edit&redlink=1","2.675309","45.439176","nuns","Oisy-le-Verger","Pas-de-Calais","Cambrai"
"383","Vernaison","https://fr.wikipedia.org/w/index.php?title=Abbaye_de_Vernaison&action=edit&redlink=1","5.0092338991359","45.02966009204","nuns","Châteauneuf-sur-Isère","Drôme","Valence"
"384","Vic-lès-Capdenac","https://fr.wikipedia.org/w/index.php?title=Abbaye_de_Vic-l%C3%A8s-Capdenac&action=edit&redlink=1","2.061791","44.571088","nuns","Capdenac","Lot","Cahors"
"385","‍ La Vieuvilleou Vieuxville","https://fr.wikipedia.org/wiki/Abbaye_Notre-Dame_de_la_Vieuville","-1.6857584250362","48.526838843136","monks","Epiniac","Ille-et-Vilaine","Dol"
"386","Vignogoul","https://fr.wikipedia.org/wiki/Abbaye_de_Vignogoul","3.776628","43.594691","nuns","Pignan","Hérault[74]","Montpellier"
"387","Villelongue","https://fr.wikipedia.org/wiki/Abbaye_Sainte-Marie_de_Villelongue","2.166801","43.305541","monks","Saint-Martin-le-Vieil","Aude","Carcassonne"
"388","Villeneuve","https://fr.wikipedia.org/wiki/Abbaye_de_Villeneuve","-1.5348804879823","47.12297051697","monks","Les Sorinières","Loire-Atlantique","Nantes"
"389","Villers-Bettnach","https://fr.wikipedia.org/wiki/Abbaye_de_Villers-Bettnach","6.3638973026642","49.233882419741","monks","Saint-Hubert","Moselle[75]","Metz"
"390","Villers-Canivet","https://fr.wikipedia.org/wiki/Abbaye_de_Villers-Canivet","-0.255894","48.927169","nuns","Villers-Canivet","Calvados[76]","Séez"
"391","Villiers-aux-Nonnainsou Villiers-la-Joye ou Villiers-la-Joie","https://fr.wikipedia.org/wiki/Abbaye_de_Villiers-aux-Nonnains","-0.255894","48.927169","nuns","Cerny","Essonne","Sens"
"392","‍ La Virginité","https://fr.wikipedia.org/wiki/Abbaye_de_la_Virginit%C3%A9","0.878924","47.789805","nuns","Les Roches-l'Évêque","Loir-et-Cher","Le Mans"
"393","Vitry (de)ou Vitry-le-Perthois ou Vitry-le-Brûlé","https://fr.wikipedia.org/w/index.php?title=Abbaye_Saint-Jacques_de_Vitry&action=edit&redlink=1","4.6220542094998","48.736977276291","nuns","Vitry-en-Perthois","Marne","Châlons-en-Champagne"
"394","Voisins","https://fr.wikipedia.org/w/index.php?title=Abbaye_de_Voisins&action=edit&redlink=1","1.7428210984639","47.870301929405","nuns","Saint-Ay","Loiret","Orléans"
"395","Willencourt","https://fr.wikipedia.org/wiki/Abbaye_Notre-Dame_de_Willencourt","2.088882","50.241357","nuns","WillencourtAbbeville","Pas-de-CalaisSomme","Amiens"
"396","Woestyneou l'Oustine ou Woestine","https://fr.wikipedia.org/wiki/Abbaye_de_la_Woestyne","2.365268","50.750023","nuns","Renescure","","Thérouanne"
"397","‍ Woëvreou Saint-Benoît","https://fr.wikipedia.org/wiki/Abbaye_de_Saint-Beno%C3%AEt-en-Wo%C3%ABvre","5.7853333765797","48.988013421124","monks","Vigneulles-lès-Hattonchâtel","Meuse","Metz"
